ano,mes,municipio,total_ocorrencias,ocorrencias_web,populacao,taxa_100k_total,taxa_100k_web,taxa_lag_1,taxa_lag_2,taxa_lag_3,media_movel_3m,media_movel_6m
2023,1,AFONSO CLAUDIO,15,6,30684,48.89,19.55,,,,,
2023,2,AFONSO CLAUDIO,11,2,30684,35.85,6.52,48.89,,,,
2023,3,AFONSO CLAUDIO,8,4,30684,26.07,13.04,35.85,48.89,,,
2023,4,AFONSO CLAUDIO,7,5,30684,22.81,16.3,26.07,35.85,48.89,36.94,
2023,5,AFONSO CLAUDIO,2,0,30684,6.52,0.0,22.81,26.07,35.85,28.24,
2023,6,AFONSO CLAUDIO,11,5,30684,35.85,16.3,6.52,22.81,26.07,18.47,
2023,7,AFONSO CLAUDIO,9,4,30684,29.33,13.04,35.85,6.52,22.81,21.73,29.33
2023,8,AFONSO CLAUDIO,13,7,30684,42.37,22.81,29.33,35.85,6.52,23.9,26.07
2023,9,AFONSO CLAUDIO,16,5,30684,52.14,16.3,42.37,29.33,35.85,35.85,27.16
2023,10,AFONSO CLAUDIO,23,5,30684,74.96,16.3,52.14,42.37,29.33,41.28,31.5
2023,11,AFONSO CLAUDIO,8,1,30684,26.07,3.26,74.96,52.14,42.37,56.49,40.2
2023,12,AFONSO CLAUDIO,11,2,30684,35.85,6.52,26.07,74.96,52.14,51.06,43.45
2024,1,AFONSO CLAUDIO,16,3,32446,49.31,9.25,35.85,26.07,74.96,45.63,43.45
2024,2,AFONSO CLAUDIO,12,4,32446,36.98,12.33,49.31,35.85,26.07,37.08,46.78
2024,3,AFONSO CLAUDIO,15,6,32446,46.23,18.49,36.98,49.31,35.85,40.71,45.88
2024,4,AFONSO CLAUDIO,20,5,32446,61.64,15.41,46.23,36.98,49.31,44.17,44.9
2024,5,AFONSO CLAUDIO,11,2,32446,33.9,6.16,61.64,46.23,36.98,48.28,42.68
2024,6,AFONSO CLAUDIO,16,7,32446,49.31,21.57,33.9,61.64,46.23,47.26,43.98
2024,7,AFONSO CLAUDIO,6,5,32446,18.49,15.41,49.31,33.9,61.64,48.28,46.23
2024,8,AFONSO CLAUDIO,18,7,32446,55.48,21.57,18.49,49.31,33.9,33.9,41.09
2024,9,AFONSO CLAUDIO,13,7,32446,40.07,21.57,55.48,18.49,49.31,41.09,44.18
2024,10,AFONSO CLAUDIO,17,8,32446,52.39,24.66,40.07,55.48,18.49,38.01,43.15
2024,11,AFONSO CLAUDIO,16,13,32446,49.31,40.07,52.39,40.07,55.48,49.31,41.61
2024,12,AFONSO CLAUDIO,38,25,32446,117.12,77.05,49.31,52.39,40.07,47.26,44.18
2025,1,AFONSO CLAUDIO,9,4,32456,27.73,12.32,117.12,49.31,52.39,72.94,55.48
2025,2,AFONSO CLAUDIO,16,12,32456,49.3,36.97,27.73,117.12,49.31,64.72,57.02
2025,3,AFONSO CLAUDIO,9,5,32456,27.73,15.41,49.3,27.73,117.12,64.72,55.99
2025,4,AFONSO CLAUDIO,10,7,32456,30.81,21.57,27.73,49.3,27.73,34.92,53.93
2025,5,AFONSO CLAUDIO,17,13,32456,52.38,40.05,30.81,27.73,49.3,35.95,50.33
2025,6,AFONSO CLAUDIO,23,12,32456,70.87,36.97,52.38,30.81,27.73,36.97,50.84
2025,7,AFONSO CLAUDIO,28,14,32456,86.27,43.14,70.87,52.38,30.81,51.35,43.14
2025,8,AFONSO CLAUDIO,16,12,32456,49.3,36.97,86.27,70.87,52.38,69.84,52.89
2025,9,AFONSO CLAUDIO,21,16,32456,64.7,49.3,49.3,86.27,70.87,68.81,52.89
2025,10,AFONSO CLAUDIO,22,10,32456,67.78,30.81,64.7,49.3,86.27,66.76,59.06
2025,11,AFONSO CLAUDIO,19,7,32456,58.54,21.57,67.78,64.7,49.3,60.59,65.22
2025,12,AFONSO CLAUDIO,12,6,32456,36.97,18.49,58.54,67.78,64.7,63.67,66.24
2023,1,AGUA DOCE DO NORTE,0,0,12042,0.0,0.0,,,,,
2023,2,AGUA DOCE DO NORTE,1,0,12042,8.3,0.0,0.0,,,,
2023,3,AGUA DOCE DO NORTE,3,1,12042,24.91,8.3,8.3,0.0,,,
2023,4,AGUA DOCE DO NORTE,3,1,12042,24.91,8.3,24.91,8.3,0.0,11.07,
2023,5,AGUA DOCE DO NORTE,1,0,12042,8.3,0.0,24.91,24.91,8.3,19.37,
2023,6,AGUA DOCE DO NORTE,3,3,12042,24.91,24.91,8.3,24.91,24.91,19.37,
2023,7,AGUA DOCE DO NORTE,3,2,12042,24.91,16.61,24.91,8.3,24.91,19.37,15.22
2023,8,AGUA DOCE DO NORTE,2,1,12042,16.61,8.3,24.91,24.91,8.3,19.37,19.37
2023,9,AGUA DOCE DO NORTE,3,1,12042,24.91,8.3,16.61,24.91,24.91,22.14,20.76
2023,10,AGUA DOCE DO NORTE,3,2,12042,24.91,16.61,24.91,16.61,24.91,22.14,20.76
2023,11,AGUA DOCE DO NORTE,0,0,12042,0.0,0.0,24.91,24.91,16.61,22.14,20.76
2023,12,AGUA DOCE DO NORTE,6,4,12042,49.83,33.22,0.0,24.91,24.91,16.61,19.38
2024,1,AGUA DOCE DO NORTE,7,2,12559,55.74,15.92,49.83,0.0,24.91,24.91,23.53
2024,2,AGUA DOCE DO NORTE,5,0,12559,39.81,0.0,55.74,49.83,0.0,35.19,28.67
2024,3,AGUA DOCE DO NORTE,9,4,12559,71.66,31.85,39.81,55.74,49.83,48.46,32.53
2024,4,AGUA DOCE DO NORTE,8,4,12559,63.7,31.85,71.66,39.81,55.74,55.74,40.32
2024,5,AGUA DOCE DO NORTE,4,2,12559,31.85,15.92,63.7,71.66,39.81,58.39,46.79
2024,6,AGUA DOCE DO NORTE,2,0,12559,15.92,0.0,31.85,63.7,71.66,55.74,52.1
2024,7,AGUA DOCE DO NORTE,1,0,12559,7.96,0.0,15.92,31.85,63.7,37.16,46.45
2024,8,AGUA DOCE DO NORTE,5,2,12559,39.81,15.92,7.96,15.92,31.85,18.58,38.48
2024,9,AGUA DOCE DO NORTE,3,1,12559,23.89,7.96,39.81,7.96,15.92,21.23,38.48
2024,10,AGUA DOCE DO NORTE,5,2,12559,39.81,15.92,23.89,39.81,7.96,23.89,30.52
2024,11,AGUA DOCE DO NORTE,6,1,12559,47.77,7.96,39.81,23.89,39.81,34.5,26.54
2024,12,AGUA DOCE DO NORTE,2,0,12559,15.92,0.0,47.77,39.81,23.89,37.16,29.19
2025,1,AGUA DOCE DO NORTE,12,7,12585,95.35,55.62,15.92,47.77,39.81,34.5,29.19
2025,2,AGUA DOCE DO NORTE,1,0,12585,7.95,0.0,95.35,15.92,47.77,53.01,43.76
2025,3,AGUA DOCE DO NORTE,7,2,12585,55.62,15.89,7.95,95.35,15.92,39.74,38.45
2025,4,AGUA DOCE DO NORTE,5,1,12585,39.73,7.95,55.62,7.95,95.35,52.97,43.74
2025,5,AGUA DOCE DO NORTE,6,5,12585,47.68,39.73,39.73,55.62,7.95,34.43,43.72
2025,6,AGUA DOCE DO NORTE,9,4,12585,71.51,31.78,47.68,39.73,55.62,47.68,43.71
2025,7,AGUA DOCE DO NORTE,4,0,12585,31.78,0.0,71.51,47.68,39.73,52.97,52.97
2025,8,AGUA DOCE DO NORTE,7,2,12585,55.62,15.89,31.78,71.51,47.68,50.32,42.38
2025,9,AGUA DOCE DO NORTE,11,4,12585,87.41,31.78,55.62,31.78,71.51,52.97,50.32
2025,10,AGUA DOCE DO NORTE,12,5,12585,95.35,39.73,87.41,55.62,31.78,58.27,55.62
2025,11,AGUA DOCE DO NORTE,3,0,12585,23.84,0.0,95.35,87.41,55.62,79.46,64.89
2025,12,AGUA DOCE DO NORTE,5,1,12585,39.73,7.95,23.84,95.35,87.41,68.87,60.92
2023,1,AGUIA BRANCA,5,1,9711,51.49,10.3,,,,,
2023,2,AGUIA BRANCA,1,1,9711,10.3,10.3,51.49,,,,
2023,3,AGUIA BRANCA,4,1,9711,41.19,10.3,10.3,51.49,,,
2023,4,AGUIA BRANCA,4,1,9711,41.19,10.3,41.19,10.3,51.49,34.33,
2023,5,AGUIA BRANCA,1,1,9711,10.3,10.3,41.19,41.19,10.3,30.89,
2023,6,AGUIA BRANCA,7,1,9711,72.08,10.3,10.3,41.19,41.19,30.89,
2023,7,AGUIA BRANCA,3,2,9711,30.89,20.6,72.08,10.3,41.19,41.19,37.76
2023,8,AGUIA BRANCA,2,2,9711,20.6,20.6,30.89,72.08,10.3,37.76,34.32
2023,9,AGUIA BRANCA,5,5,9711,51.49,51.49,20.6,30.89,72.08,41.19,36.04
2023,10,AGUIA BRANCA,1,1,9711,10.3,10.3,51.49,20.6,30.89,34.33,37.76
2023,11,AGUIA BRANCA,5,1,9711,51.49,10.3,10.3,51.49,20.6,27.46,32.61
2023,12,AGUIA BRANCA,7,4,9711,72.08,41.19,51.49,10.3,51.49,37.76,39.48
2024,1,AGUIA BRANCA,4,2,10124,39.51,19.76,72.08,51.49,10.3,44.62,39.48
2024,2,AGUIA BRANCA,8,3,10124,79.02,29.63,39.51,72.08,51.49,54.36,40.91
2024,3,AGUIA BRANCA,4,3,10124,39.51,29.63,79.02,39.51,72.08,63.54,50.65
2024,4,AGUIA BRANCA,3,3,10124,29.63,29.63,39.51,79.02,39.51,52.68,48.65
2024,5,AGUIA BRANCA,4,4,10124,39.51,39.51,29.63,39.51,79.02,49.39,51.87
2024,6,AGUIA BRANCA,10,3,10124,98.78,29.63,39.51,29.63,39.51,36.22,49.88
2024,7,AGUIA BRANCA,7,5,10124,69.14,49.39,98.78,39.51,29.63,55.97,54.33
2024,8,AGUIA BRANCA,2,0,10124,19.76,0.0,69.14,98.78,39.51,69.14,59.27
2024,9,AGUIA BRANCA,3,1,10124,29.63,9.88,19.76,69.14,98.78,62.56,49.39
2024,10,AGUIA BRANCA,5,4,10124,49.39,39.51,29.63,19.76,69.14,39.51,47.74
2024,11,AGUIA BRANCA,5,3,10124,49.39,29.63,49.39,29.63,19.76,32.93,51.04
2024,12,AGUIA BRANCA,4,2,10124,39.51,19.76,49.39,49.39,29.63,42.8,52.68
2025,1,AGUIA BRANCA,7,4,10143,69.01,39.44,39.51,49.39,49.39,46.1,42.8
2025,2,AGUIA BRANCA,3,1,10143,29.58,9.86,69.01,39.51,49.39,52.64,42.78
2025,3,AGUIA BRANCA,1,0,10143,9.86,0.0,29.58,69.01,39.51,46.03,44.42
2025,4,AGUIA BRANCA,2,2,10143,19.72,19.72,9.86,29.58,69.01,36.15,41.12
2025,5,AGUIA BRANCA,8,3,10143,78.87,29.58,19.72,9.86,29.58,19.72,36.18
2025,6,AGUIA BRANCA,7,5,10143,69.01,49.3,78.87,19.72,9.86,36.15,41.09
2025,7,AGUIA BRANCA,6,5,10143,59.15,49.3,69.01,78.87,19.72,55.87,46.01
2025,8,AGUIA BRANCA,5,3,10143,49.3,29.58,59.15,69.01,78.87,69.01,44.36
2025,9,AGUIA BRANCA,9,4,10143,88.73,39.44,49.3,59.15,69.01,59.15,47.65
2025,10,AGUIA BRANCA,18,11,10143,177.46,108.45,88.73,49.3,59.15,65.73,60.8
2025,11,AGUIA BRANCA,13,5,10143,128.17,49.3,177.46,88.73,49.3,105.16,87.09
2025,12,AGUIA BRANCA,4,1,10143,39.44,9.86,128.17,177.46,88.73,131.45,95.3
2023,1,ALEGRE,21,11,29177,71.97,37.7,,,,,
2023,2,ALEGRE,12,10,29177,41.13,34.27,71.97,,,,
2023,3,ALEGRE,8,2,29177,27.42,6.85,41.13,71.97,,,
2023,4,ALEGRE,15,10,29177,51.41,34.27,27.42,41.13,71.97,46.84,
2023,5,ALEGRE,18,8,29177,61.69,27.42,51.41,27.42,41.13,39.99,
2023,6,ALEGRE,25,16,29177,85.68,54.84,61.69,51.41,27.42,46.84,
2023,7,ALEGRE,22,14,29177,75.4,47.98,85.68,61.69,51.41,66.26,56.55
2023,8,ALEGRE,9,4,29177,30.85,13.71,75.4,85.68,61.69,74.26,57.12
2023,9,ALEGRE,10,7,29177,34.27,23.99,30.85,75.4,85.68,63.98,55.41
2023,10,ALEGRE,14,7,29177,47.98,23.99,34.27,30.85,75.4,46.84,56.55
2023,11,ALEGRE,12,3,29177,41.13,10.28,47.98,34.27,30.85,37.7,55.98
2023,12,ALEGRE,21,7,29177,71.97,23.99,41.13,47.98,34.27,41.13,52.55
2024,1,ALEGRE,23,12,30744,74.81,39.03,71.97,41.13,47.98,53.69,50.27
2024,2,ALEGRE,12,2,30744,39.03,6.51,74.81,71.97,41.13,62.64,50.17
2024,3,ALEGRE,21,10,30744,68.31,32.53,39.03,74.81,71.97,61.94,51.53
2024,4,ALEGRE,21,11,30744,68.31,35.78,68.31,39.03,74.81,60.72,57.21
2024,5,ALEGRE,12,4,30744,39.03,13.01,68.31,68.31,39.03,58.55,60.59
2024,6,ALEGRE,14,4,30744,45.54,13.01,39.03,68.31,68.31,58.55,60.24
2024,7,ALEGRE,22,6,30744,71.56,19.52,45.54,39.03,68.31,50.96,55.84
2024,8,ALEGRE,19,10,30744,61.8,32.53,71.56,45.54,39.03,52.04,55.3
2024,9,ALEGRE,20,7,30744,65.05,22.77,61.8,71.56,45.54,59.63,59.09
2024,10,ALEGRE,23,5,30744,74.81,16.26,65.05,61.8,71.56,66.14,58.55
2024,11,ALEGRE,11,3,30744,35.78,9.76,74.81,65.05,61.8,67.22,59.63
2024,12,ALEGRE,16,6,30744,52.04,19.52,35.78,74.81,65.05,58.55,59.09
2025,1,ALEGRE,11,6,30702,35.83,19.54,52.04,35.78,74.81,54.21,60.17
2025,2,ALEGRE,19,11,30702,61.89,35.83,35.83,52.04,35.78,41.22,54.22
2025,3,ALEGRE,19,5,30702,61.89,16.29,61.89,35.83,52.04,49.92,54.23
2025,4,ALEGRE,23,16,30702,74.91,52.11,61.89,61.89,35.83,53.2,53.71
2025,5,ALEGRE,30,21,30702,97.71,68.4,74.91,61.89,61.89,66.23,53.72
2025,6,ALEGRE,13,3,30702,42.34,9.77,97.71,74.91,61.89,78.17,64.04
2025,7,ALEGRE,14,5,30702,45.6,16.29,42.34,97.71,74.91,71.65,62.43
2025,8,ALEGRE,12,7,30702,39.09,22.8,45.6,42.34,97.71,61.88,64.06
2025,9,ALEGRE,16,7,30702,52.11,22.8,39.09,45.6,42.34,42.34,60.26
2025,10,ALEGRE,15,7,30702,48.86,22.8,52.11,39.09,45.6,45.6,58.63
2025,11,ALEGRE,9,2,30702,29.31,6.51,48.86,52.11,39.09,46.69,54.28
2025,12,ALEGRE,21,10,30702,68.4,32.57,29.31,48.86,52.11,43.43,42.88
2023,1,ALFREDO CHAVES,4,1,13836,28.91,7.23,,,,,
2023,2,ALFREDO CHAVES,3,1,13836,21.68,7.23,28.91,,,,
2023,3,ALFREDO CHAVES,8,2,13836,57.82,14.46,21.68,28.91,,,
2023,4,ALFREDO CHAVES,9,4,13836,65.05,28.91,57.82,21.68,28.91,36.14,
2023,5,ALFREDO CHAVES,10,4,13836,72.28,28.91,65.05,57.82,21.68,48.18,
2023,6,ALFREDO CHAVES,10,3,13836,72.28,21.68,72.28,65.05,57.82,65.05,
2023,7,ALFREDO CHAVES,5,2,13836,36.14,14.46,72.28,72.28,65.05,69.87,53.0
2023,8,ALFREDO CHAVES,6,1,13836,43.37,7.23,36.14,72.28,72.28,60.23,54.21
2023,9,ALFREDO CHAVES,11,2,13836,79.5,14.46,43.37,36.14,72.28,50.6,57.82
2023,10,ALFREDO CHAVES,14,3,13836,101.19,21.68,79.5,43.37,36.14,53.0,61.44
2023,11,ALFREDO CHAVES,7,2,13836,50.59,14.46,101.19,79.5,43.37,74.69,67.46
2023,12,ALFREDO CHAVES,2,1,13836,14.46,7.23,50.59,101.19,79.5,77.09,63.84
2024,1,ALFREDO CHAVES,10,5,14373,69.57,34.79,14.46,50.59,101.19,55.41,54.21
2024,2,ALFREDO CHAVES,10,4,14373,69.57,27.83,69.57,14.46,50.59,44.87,59.78
2024,3,ALFREDO CHAVES,7,2,14373,48.7,13.91,69.57,69.57,14.46,51.2,64.15
2024,4,ALFREDO CHAVES,13,3,14373,90.45,20.87,48.7,69.57,69.57,62.61,59.01
2024,5,ALFREDO CHAVES,14,8,14373,97.4,55.66,90.45,48.7,69.57,69.57,57.22
2024,6,ALFREDO CHAVES,5,2,14373,34.79,13.91,97.4,90.45,48.7,78.85,65.02
2024,7,ALFREDO CHAVES,8,2,14373,55.66,13.91,34.79,97.4,90.45,74.21,68.41
2024,8,ALFREDO CHAVES,7,0,14373,48.7,0.0,55.66,34.79,97.4,62.62,66.1
2024,9,ALFREDO CHAVES,6,1,14373,41.74,6.96,48.7,55.66,34.79,46.38,62.62
2024,10,ALFREDO CHAVES,11,6,14373,76.53,41.74,41.74,48.7,55.66,48.7,61.46
2024,11,ALFREDO CHAVES,11,2,14373,76.53,13.91,76.53,41.74,48.7,55.66,59.14
2024,12,ALFREDO CHAVES,3,0,14373,20.87,0.0,76.53,76.53,41.74,64.93,55.66
2025,1,ALFREDO CHAVES,9,3,14376,62.6,20.87,20.87,76.53,76.53,57.98,53.34
2025,2,ALFREDO CHAVES,3,1,14376,20.87,6.96,62.6,20.87,76.53,53.33,54.5
2025,3,ALFREDO CHAVES,4,3,14376,27.82,20.87,20.87,62.6,20.87,34.78,49.86
2025,4,ALFREDO CHAVES,14,3,14376,97.38,20.87,27.82,20.87,62.6,37.1,47.54
2025,5,ALFREDO CHAVES,11,7,14376,76.52,48.69,97.38,27.82,20.87,48.69,51.01
2025,6,ALFREDO CHAVES,7,5,14376,48.69,34.78,76.52,97.38,27.82,67.24,51.01
2025,7,ALFREDO CHAVES,11,1,14376,76.52,6.96,48.69,76.52,97.38,74.2,55.65
2025,8,ALFREDO CHAVES,15,10,14376,104.34,69.56,76.52,48.69,76.52,67.24,57.97
2025,9,ALFREDO CHAVES,16,1,14376,111.3,6.96,104.34,76.52,48.69,76.52,71.88
2025,10,ALFREDO CHAVES,14,2,14376,97.38,13.91,111.3,104.34,76.52,97.39,85.79
2025,11,ALFREDO CHAVES,11,4,14376,76.52,27.82,97.38,111.3,104.34,104.34,85.79
2025,12,ALFREDO CHAVES,8,3,14376,55.65,20.87,76.52,97.38,111.3,95.07,85.79
2023,1,ALTO RIO NOVO,4,1,7434,53.81,13.45,,,,,
2023,2,ALTO RIO NOVO,5,4,7434,67.26,53.81,53.81,,,,
2023,3,ALTO RIO NOVO,2,2,7434,26.9,26.9,67.26,53.81,,,
2023,4,ALTO RIO NOVO,4,1,7434,53.81,13.45,26.9,67.26,53.81,49.32,
2023,5,ALTO RIO NOVO,2,0,7434,26.9,0.0,53.81,26.9,67.26,49.32,
2023,6,ALTO RIO NOVO,3,0,7434,40.36,0.0,26.9,53.81,26.9,35.87,
2023,7,ALTO RIO NOVO,6,2,7434,80.71,26.9,40.36,26.9,53.81,40.36,44.84
2023,8,ALTO RIO NOVO,3,3,7434,40.36,40.36,80.71,40.36,26.9,49.32,49.32
2023,9,ALTO RIO NOVO,9,7,7434,121.07,94.16,40.36,80.71,40.36,53.81,44.84
2023,10,ALTO RIO NOVO,6,3,7434,80.71,40.36,121.07,40.36,80.71,80.71,60.54
2023,11,ALTO RIO NOVO,4,3,7434,53.81,40.36,80.71,121.07,40.36,80.71,65.02
2023,12,ALTO RIO NOVO,6,4,7434,80.71,53.81,53.81,80.71,121.07,85.2,69.5
2024,1,ALTO RIO NOVO,9,5,7747,116.17,64.54,80.71,53.81,80.71,71.74,76.23
2024,2,ALTO RIO NOVO,1,0,7747,12.91,0.0,116.17,80.71,53.81,83.56,82.14
2024,3,ALTO RIO NOVO,4,3,7747,51.63,38.72,12.91,116.17,80.71,69.93,77.56
2024,4,ALTO RIO NOVO,1,0,7747,12.91,0.0,51.63,12.91,116.17,60.24,65.99
2024,5,ALTO RIO NOVO,1,0,7747,12.91,0.0,12.91,51.63,12.91,25.82,54.69
2024,6,ALTO RIO NOVO,4,1,7747,51.63,12.91,12.91,12.91,51.63,25.82,47.87
2024,7,ALTO RIO NOVO,1,0,7747,12.91,0.0,51.63,12.91,12.91,25.82,43.03
2024,8,ALTO RIO NOVO,4,1,7747,51.63,12.91,12.91,51.63,12.91,25.82,25.82
2024,9,ALTO RIO NOVO,4,1,7747,51.63,12.91,51.63,12.91,51.63,38.72,32.27
2024,10,ALTO RIO NOVO,2,0,7747,25.82,0.0,51.63,51.63,12.91,38.72,32.27
2024,11,ALTO RIO NOVO,4,3,7747,51.63,38.72,25.82,51.63,51.63,43.03,34.42
2024,12,ALTO RIO NOVO,0,0,7747,0.0,0.0,51.63,25.82,51.63,43.03,40.88
2025,1,ALTO RIO NOVO,3,2,7760,38.66,25.77,0.0,51.63,25.82,25.82,32.27
2025,2,ALTO RIO NOVO,2,2,7760,25.77,25.77,38.66,0.0,51.63,30.1,36.56
2025,3,ALTO RIO NOVO,3,3,7760,38.66,38.66,25.77,38.66,0.0,21.48,32.25
2025,4,ALTO RIO NOVO,6,3,7760,77.32,38.66,38.66,25.77,38.66,34.36,30.09
2025,5,ALTO RIO NOVO,4,2,7760,51.55,25.77,77.32,38.66,25.77,47.25,38.67
2025,6,ALTO RIO NOVO,8,2,7760,103.09,25.77,51.55,77.32,38.66,55.84,38.66
2025,7,ALTO RIO NOVO,4,3,7760,51.55,38.66,103.09,51.55,77.32,77.32,55.84
2025,8,ALTO RIO NOVO,10,6,7760,128.87,77.32,51.55,103.09,51.55,68.73,57.99
2025,9,ALTO RIO NOVO,5,1,7760,64.43,12.89,128.87,51.55,103.09,94.5,75.17
2025,10,ALTO RIO NOVO,7,6,7760,90.21,77.32,64.43,128.87,51.55,81.62,79.47
2025,11,ALTO RIO NOVO,3,2,7760,38.66,25.77,90.21,64.43,128.87,94.5,81.62
2025,12,ALTO RIO NOVO,1,0,7760,12.89,0.0,38.66,90.21,64.43,64.43,79.47
2023,1,ANCHIETA,24,13,29984,80.04,43.36,,,,,
2023,2,ANCHIETA,14,6,29984,46.69,20.01,80.04,,,,
2023,3,ANCHIETA,14,5,29984,46.69,16.68,46.69,80.04,,,
2023,4,ANCHIETA,18,8,29984,60.03,26.68,46.69,46.69,80.04,57.81,
2023,5,ANCHIETA,12,5,29984,40.02,16.68,60.03,46.69,46.69,51.14,
2023,6,ANCHIETA,28,18,29984,93.38,60.03,40.02,60.03,46.69,48.91,
2023,7,ANCHIETA,14,10,29984,46.69,33.35,93.38,40.02,60.03,64.48,61.14
2023,8,ANCHIETA,11,5,29984,36.69,16.68,46.69,93.38,40.02,60.03,55.58
2023,9,ANCHIETA,16,5,29984,53.36,16.68,36.69,46.69,93.38,58.92,53.92
2023,10,ANCHIETA,13,5,29984,43.36,16.68,53.36,36.69,46.69,45.58,55.03
2023,11,ANCHIETA,17,2,29984,56.7,6.67,43.36,53.36,36.69,44.47,52.25
2023,12,ANCHIETA,20,7,29984,66.7,23.35,56.7,43.36,53.36,51.14,55.03
2024,1,ANCHIETA,28,14,32584,85.93,42.97,66.7,56.7,43.36,55.59,50.58
2024,2,ANCHIETA,22,9,32584,67.52,27.62,85.93,66.7,56.7,69.78,57.12
2024,3,ANCHIETA,19,8,32584,58.31,24.55,67.52,85.93,66.7,73.38,62.26
2024,4,ANCHIETA,16,9,32584,49.1,27.62,58.31,67.52,85.93,70.59,63.09
2024,5,ANCHIETA,27,13,32584,82.86,39.9,49.1,58.31,67.52,58.31,64.04
2024,6,ANCHIETA,28,13,32584,85.93,39.9,82.86,49.1,58.31,63.42,68.4
2024,7,ANCHIETA,27,15,32584,82.86,46.03,85.93,82.86,49.1,72.63,71.61
2024,8,ANCHIETA,34,15,32584,104.35,46.03,82.86,85.93,82.86,83.88,71.1
2024,9,ANCHIETA,31,16,32584,95.14,49.1,104.35,82.86,85.93,91.05,77.24
2024,10,ANCHIETA,36,22,32584,110.48,67.52,95.14,104.35,82.86,94.12,83.37
2024,11,ANCHIETA,22,15,32584,67.52,46.03,110.48,95.14,104.35,103.32,93.6
2024,12,ANCHIETA,25,15,32584,76.72,46.03,67.52,110.48,95.14,91.05,91.05
2025,1,ANCHIETA,27,16,33017,81.78,48.46,76.72,67.52,110.48,84.91,89.51
2025,2,ANCHIETA,20,13,33017,60.57,39.37,81.78,76.72,67.52,75.34,89.33
2025,3,ANCHIETA,35,18,33017,106.01,54.52,60.57,81.78,76.72,73.02,82.04
2025,4,ANCHIETA,29,19,33017,87.83,57.55,106.01,60.57,81.78,82.79,83.85
2025,5,ANCHIETA,21,11,33017,63.6,33.32,87.83,106.01,60.57,84.8,80.07
2025,6,ANCHIETA,36,24,33017,109.03,72.69,63.6,87.83,106.01,85.81,79.42
2025,7,ANCHIETA,33,17,33017,99.95,51.49,109.03,63.6,87.83,86.82,84.8
2025,8,ANCHIETA,28,19,33017,84.8,57.55,99.95,109.03,63.6,90.86,87.83
2025,9,ANCHIETA,28,18,33017,84.8,54.52,84.8,99.95,109.03,97.93,91.87
2025,10,ANCHIETA,22,13,33017,66.63,39.37,84.8,84.8,99.95,89.85,88.34
2025,11,ANCHIETA,26,16,33017,78.75,48.46,66.63,84.8,84.8,78.74,84.8
2025,12,ANCHIETA,23,13,33017,69.66,39.37,78.75,66.63,84.8,76.73,87.33
2023,1,APIACA,1,0,7223,13.84,0.0,,,,,
2023,2,APIACA,1,1,7223,13.84,13.84,13.84,,,,
2023,3,APIACA,1,0,7223,13.84,0.0,13.84,13.84,,,
2023,4,APIACA,0,0,7223,0.0,0.0,13.84,13.84,13.84,13.84,
2023,5,APIACA,3,1,7223,41.53,13.84,0.0,13.84,13.84,9.23,
2023,6,APIACA,1,1,7223,13.84,13.84,41.53,0.0,13.84,18.46,
2023,7,APIACA,1,0,7223,13.84,0.0,13.84,41.53,0.0,18.46,16.15
2023,8,APIACA,2,2,7223,27.69,27.69,13.84,13.84,41.53,23.07,16.15
2023,9,APIACA,0,0,7223,0.0,0.0,27.69,13.84,13.84,18.46,18.46
2023,10,APIACA,3,0,7223,41.53,0.0,0.0,27.69,13.84,13.84,16.15
2023,11,APIACA,2,1,7223,27.69,13.84,41.53,0.0,27.69,23.07,23.07
2023,12,APIACA,0,0,7223,0.0,0.0,27.69,41.53,0.0,23.07,20.76
2024,1,APIACA,0,0,7474,0.0,0.0,0.0,27.69,41.53,23.07,18.46
2024,2,APIACA,0,0,7474,0.0,0.0,0.0,0.0,27.69,9.23,16.15
2024,3,APIACA,3,3,7474,40.14,40.14,0.0,0.0,0.0,0.0,11.54
2024,4,APIACA,2,0,7474,26.76,0.0,40.14,0.0,0.0,13.38,18.23
2024,5,APIACA,2,0,7474,26.76,0.0,26.76,40.14,0.0,22.3,15.76
2024,6,APIACA,1,1,7474,13.38,13.38,26.76,26.76,40.14,31.22,15.61
2024,7,APIACA,0,0,7474,0.0,0.0,13.38,26.76,26.76,22.3,17.84
2024,8,APIACA,1,0,7474,13.38,0.0,0.0,13.38,26.76,13.38,17.84
2024,9,APIACA,1,0,7474,13.38,0.0,13.38,0.0,13.38,8.92,20.07
2024,10,APIACA,1,0,7474,13.38,0.0,13.38,13.38,0.0,8.92,15.61
2024,11,APIACA,2,1,7474,26.76,13.38,13.38,13.38,13.38,13.38,13.38
2024,12,APIACA,0,0,7474,0.0,0.0,26.76,13.38,13.38,17.84,13.38
2025,1,APIACA,2,1,7462,26.8,13.4,0.0,26.76,13.38,13.38,11.15
2025,2,APIACA,3,1,7462,40.2,13.4,26.8,0.0,26.76,17.85,15.62
2025,3,APIACA,3,3,7462,40.2,40.2,40.2,26.8,0.0,22.33,20.09
2025,4,APIACA,3,2,7462,40.2,26.8,40.2,40.2,26.8,35.73,24.56
2025,5,APIACA,1,0,7462,13.4,0.0,40.2,40.2,40.2,40.2,29.03
2025,6,APIACA,1,1,7462,13.4,13.4,13.4,40.2,40.2,31.27,26.8
2025,7,APIACA,3,2,7462,40.2,26.8,13.4,13.4,40.2,22.33,29.03
2025,8,APIACA,3,1,7462,40.2,13.4,40.2,13.4,13.4,22.33,31.27
2025,9,APIACA,2,0,7462,26.8,0.0,40.2,40.2,13.4,31.27,31.27
2025,10,APIACA,2,2,7462,26.8,26.8,26.8,40.2,40.2,35.73,29.03
2025,11,APIACA,1,0,7462,13.4,0.0,26.8,26.8,40.2,31.27,26.8
2025,12,APIACA,2,2,7462,26.8,26.8,13.4,26.8,26.8,22.33,26.8
2023,1,ARACRUZ,78,36,94765,82.31,37.99,,,,,
2023,2,ARACRUZ,64,24,94765,67.54,25.33,82.31,,,,
2023,3,ARACRUZ,69,35,94765,72.81,36.93,67.54,82.31,,,
2023,4,ARACRUZ,74,32,94765,78.09,33.77,72.81,67.54,82.31,74.22,
2023,5,ARACRUZ,84,31,94765,88.64,32.71,78.09,72.81,67.54,72.81,
2023,6,ARACRUZ,78,33,94765,82.31,34.82,88.64,78.09,72.81,79.85,
2023,7,ARACRUZ,110,35,94765,116.08,36.93,82.31,88.64,78.09,83.01,78.62
2023,8,ARACRUZ,90,31,94765,94.97,32.71,116.08,82.31,88.64,95.68,84.24
2023,9,ARACRUZ,87,33,94765,91.81,34.82,94.97,116.08,82.31,97.79,88.82
2023,10,ARACRUZ,84,32,94765,88.64,33.77,91.81,94.97,116.08,100.95,91.98
2023,11,ARACRUZ,66,28,94765,69.65,29.55,88.64,91.81,94.97,91.81,93.74
2023,12,ARACRUZ,85,38,94765,89.7,40.1,69.65,88.64,91.81,83.37,90.58
2024,1,ARACRUZ,93,43,102410,90.81,41.99,89.7,69.65,88.64,82.66,91.81
2024,2,ARACRUZ,76,28,102410,74.21,27.34,90.81,89.7,69.65,83.39,87.6
2024,3,ARACRUZ,96,46,102410,93.74,44.92,74.21,90.81,89.7,84.91,84.14
2024,4,ARACRUZ,103,48,102410,100.58,46.87,93.74,74.21,90.81,86.25,84.46
2024,5,ARACRUZ,115,50,102410,112.29,48.82,100.58,93.74,74.21,89.51,86.45
2024,6,ARACRUZ,101,50,102410,98.62,48.82,112.29,100.58,93.74,102.2,93.56
2024,7,ARACRUZ,93,46,102410,90.81,44.92,98.62,112.29,100.58,103.83,95.04
2024,8,ARACRUZ,135,68,102410,131.82,66.4,90.81,98.62,112.29,100.57,95.04
2024,9,ARACRUZ,121,56,102410,118.15,54.68,131.82,90.81,98.62,107.08,104.64
2024,10,ARACRUZ,102,56,102410,99.6,54.68,118.15,131.82,90.81,113.59,108.71
2024,11,ARACRUZ,83,44,102410,81.05,42.96,99.6,118.15,131.82,116.52,108.55
2024,12,ARACRUZ,91,50,102410,88.86,48.82,81.05,99.6,118.15,99.6,103.34
2025,1,ARACRUZ,94,51,103363,90.94,49.34,88.86,81.05,99.6,89.84,101.71
2025,2,ARACRUZ,92,48,103363,89.01,46.44,90.94,88.86,81.05,86.95,101.74
2025,3,ARACRUZ,94,48,103363,90.94,46.44,89.01,90.94,88.86,89.6,94.6
2025,4,ARACRUZ,109,55,103363,105.45,53.21,90.94,89.01,90.94,90.3,90.07
2025,5,ARACRUZ,137,84,103363,132.54,81.27,105.45,90.94,89.01,95.13,91.04
2025,6,ARACRUZ,126,74,103363,121.9,71.59,132.54,105.45,90.94,109.64,99.62
2025,7,ARACRUZ,134,77,103363,129.64,74.49,121.9,132.54,105.45,119.96,105.13
2025,8,ARACRUZ,153,95,103363,148.02,91.91,129.64,121.9,132.54,128.03,111.58
2025,9,ARACRUZ,146,100,103363,141.25,96.75,148.02,129.64,121.9,133.19,121.42
2025,10,ARACRUZ,139,86,103363,134.48,83.2,141.25,148.02,129.64,139.64,129.8
2025,11,ARACRUZ,125,78,103363,120.93,75.46,134.48,141.25,148.02,141.25,134.64
2025,12,ARACRUZ,110,60,103363,106.42,58.05,120.93,134.48,141.25,132.22,132.7
2023,1,ATILIO VIVACQUA,10,3,10540,94.88,28.46,,,,,
2023,2,ATILIO VIVACQUA,2,0,10540,18.98,0.0,94.88,,,,
2023,3,ATILIO VIVACQUA,9,2,10540,85.39,18.98,18.98,94.88,,,
2023,4,ATILIO VIVACQUA,5,1,10540,47.44,9.49,85.39,18.98,94.88,66.42,
2023,5,ATILIO VIVACQUA,2,1,10540,18.98,9.49,47.44,85.39,18.98,50.6,
2023,6,ATILIO VIVACQUA,5,3,10540,47.44,28.46,18.98,47.44,85.39,50.6,
2023,7,ATILIO VIVACQUA,9,4,10540,85.39,37.95,47.44,18.98,47.44,37.95,52.18
2023,8,ATILIO VIVACQUA,8,5,10540,75.9,47.44,85.39,47.44,18.98,50.6,50.6
2023,9,ATILIO VIVACQUA,4,1,10540,37.95,9.49,75.9,85.39,47.44,69.58,60.09
2023,10,ATILIO VIVACQUA,4,2,10540,37.95,18.98,37.95,75.9,85.39,66.41,52.18
2023,11,ATILIO VIVACQUA,3,0,10540,28.46,0.0,37.95,37.95,75.9,50.6,50.6
2023,12,ATILIO VIVACQUA,5,2,10540,47.44,18.98,28.46,37.95,37.95,34.79,52.18
2024,1,ATILIO VIVACQUA,6,3,11013,54.48,27.24,47.44,28.46,37.95,37.95,52.18
2024,2,ATILIO VIVACQUA,7,1,11013,63.56,9.08,54.48,47.44,28.46,43.46,47.03
2024,3,ATILIO VIVACQUA,11,3,11013,99.88,27.24,63.56,54.48,47.44,55.16,44.97
2024,4,ATILIO VIVACQUA,6,3,11013,54.48,27.24,99.88,63.56,54.48,72.64,55.29
2024,5,ATILIO VIVACQUA,5,0,11013,45.4,0.0,54.48,99.88,63.56,72.64,58.05
2024,6,ATILIO VIVACQUA,5,2,11013,45.4,18.16,45.4,54.48,99.88,66.59,60.87
2024,7,ATILIO VIVACQUA,5,2,11013,45.4,18.16,45.4,45.4,54.48,48.43,60.53
2024,8,ATILIO VIVACQUA,6,2,11013,54.48,18.16,45.4,45.4,45.4,45.4,59.02
2024,9,ATILIO VIVACQUA,9,5,11013,81.72,45.4,54.48,45.4,45.4,48.43,57.51
2024,10,ATILIO VIVACQUA,2,1,11013,18.16,9.08,81.72,54.48,45.4,60.53,54.48
2024,11,ATILIO VIVACQUA,4,1,11013,36.32,9.08,18.16,81.72,54.48,51.45,48.43
2024,12,ATILIO VIVACQUA,5,2,11013,45.4,18.16,36.32,18.16,81.72,45.4,46.91
2025,1,ATILIO VIVACQUA,6,2,11046,54.32,18.11,45.4,36.32,18.16,33.29,46.91
2025,2,ATILIO VIVACQUA,4,2,11046,36.21,18.11,54.32,45.4,36.32,45.35,48.4
2025,3,ATILIO VIVACQUA,9,4,11046,81.48,36.21,36.21,54.32,45.4,45.31,45.36
2025,4,ATILIO VIVACQUA,6,1,11046,54.32,9.05,81.48,36.21,54.32,57.34,45.32
2025,5,ATILIO VIVACQUA,6,1,11046,54.32,9.05,54.32,81.48,36.21,57.34,51.34
2025,6,ATILIO VIVACQUA,10,4,11046,90.53,36.21,54.32,54.32,81.48,63.37,54.34
2025,7,ATILIO VIVACQUA,10,4,11046,90.53,36.21,90.53,54.32,54.32,66.39,61.86
2025,8,ATILIO VIVACQUA,8,5,11046,72.42,45.27,90.53,90.53,54.32,78.46,67.9
2025,9,ATILIO VIVACQUA,8,2,11046,72.42,18.11,72.42,90.53,90.53,84.49,73.93
2025,10,ATILIO VIVACQUA,10,2,11046,90.53,18.11,72.42,72.42,90.53,78.46,72.42
2025,11,ATILIO VIVACQUA,6,1,11046,54.32,9.05,90.53,72.42,72.42,78.46,78.46
2025,12,ATILIO VIVACQUA,3,0,11046,27.16,0.0,54.32,90.53,72.42,72.42,78.46
2023,1,BAIXO GUANDU,18,9,30674,58.68,29.34,,,,,
2023,2,BAIXO GUANDU,23,11,30674,74.98,35.86,58.68,,,,
2023,3,BAIXO GUANDU,22,10,30674,71.72,32.6,74.98,58.68,,,
2023,4,BAIXO GUANDU,21,13,30674,68.46,42.38,71.72,74.98,58.68,68.46,
2023,5,BAIXO GUANDU,20,10,30674,65.2,32.6,68.46,71.72,74.98,71.72,
2023,6,BAIXO GUANDU,28,8,30674,91.28,26.08,65.2,68.46,71.72,68.46,
2023,7,BAIXO GUANDU,18,11,30674,58.68,35.86,91.28,65.2,68.46,74.98,71.72
2023,8,BAIXO GUANDU,31,12,30674,101.06,39.12,58.68,91.28,65.2,71.72,71.72
2023,9,BAIXO GUANDU,22,13,30674,71.72,42.38,101.06,58.68,91.28,83.67,76.07
2023,10,BAIXO GUANDU,27,13,30674,88.02,42.38,71.72,101.06,58.68,77.15,76.07
2023,11,BAIXO GUANDU,17,10,30674,55.42,32.6,88.02,71.72,101.06,86.93,79.33
2023,12,BAIXO GUANDU,21,15,30674,68.46,48.9,55.42,88.02,71.72,71.72,77.7
2024,1,BAIXO GUANDU,30,17,32694,91.76,52.0,68.46,55.42,88.02,70.63,73.89
2024,2,BAIXO GUANDU,24,17,32694,73.41,52.0,91.76,68.46,55.42,71.88,79.41
2024,3,BAIXO GUANDU,20,15,32694,61.17,45.88,73.41,91.76,68.46,77.88,74.8
2024,4,BAIXO GUANDU,24,15,32694,73.41,45.88,61.17,73.41,91.76,75.45,73.04
2024,5,BAIXO GUANDU,24,12,32694,73.41,36.7,73.41,61.17,73.41,69.33,70.6
2024,6,BAIXO GUANDU,14,12,32694,42.82,36.7,73.41,73.41,61.17,69.33,73.6
2024,7,BAIXO GUANDU,27,11,32694,82.58,33.65,42.82,73.41,73.41,63.21,69.33
2024,8,BAIXO GUANDU,46,17,32694,140.7,52.0,82.58,42.82,73.41,66.27,67.8
2024,9,BAIXO GUANDU,21,15,32694,64.23,45.88,140.7,82.58,42.82,88.7,79.02
2024,10,BAIXO GUANDU,29,21,32694,88.7,64.23,64.23,140.7,82.58,95.84,79.52
2024,11,BAIXO GUANDU,22,14,32694,67.29,42.82,88.7,64.23,140.7,97.88,82.07
2024,12,BAIXO GUANDU,19,9,32694,58.11,27.53,67.29,88.7,64.23,73.41,81.05
2025,1,BAIXO GUANDU,32,14,32829,97.47,42.65,58.11,67.29,88.7,71.37,83.6
2025,2,BAIXO GUANDU,19,13,32829,57.88,39.6,97.47,58.11,67.29,74.29,86.08
2025,3,BAIXO GUANDU,34,17,32829,103.57,51.78,57.88,97.47,58.11,71.15,72.28
2025,4,BAIXO GUANDU,24,12,32829,73.11,36.55,103.57,57.88,97.47,86.31,78.84
2025,5,BAIXO GUANDU,27,15,32829,82.24,45.69,73.11,103.57,57.88,78.19,76.24
2025,6,BAIXO GUANDU,25,12,32829,76.15,36.55,82.24,73.11,103.57,86.31,78.73
2025,7,BAIXO GUANDU,36,15,32829,109.66,45.69,76.15,82.24,73.11,77.17,81.74
2025,8,BAIXO GUANDU,39,15,32829,118.8,45.69,109.66,76.15,82.24,89.35,83.77
2025,9,BAIXO GUANDU,30,7,32829,91.38,21.32,118.8,109.66,76.15,101.54,93.92
2025,10,BAIXO GUANDU,21,12,32829,63.97,36.55,91.38,118.8,109.66,106.61,91.89
2025,11,BAIXO GUANDU,32,19,32829,97.47,57.88,63.97,91.38,118.8,91.38,90.37
2025,12,BAIXO GUANDU,20,9,32829,60.92,27.41,97.47,63.97,91.38,84.27,92.9
2023,1,BARRA DE SAO FRANCISCO,26,15,42498,61.18,35.3,,,,,
2023,2,BARRA DE SAO FRANCISCO,28,12,42498,65.89,28.24,61.18,,,,
2023,3,BARRA DE SAO FRANCISCO,31,15,42498,72.94,35.3,65.89,61.18,,,
2023,4,BARRA DE SAO FRANCISCO,25,15,42498,58.83,35.3,72.94,65.89,61.18,66.67,
2023,5,BARRA DE SAO FRANCISCO,18,10,42498,42.35,23.53,58.83,72.94,65.89,65.89,
2023,6,BARRA DE SAO FRANCISCO,21,15,42498,49.41,35.3,42.35,58.83,72.94,58.04,
2023,7,BARRA DE SAO FRANCISCO,24,10,42498,56.47,23.53,49.41,42.35,58.83,50.2,58.43
2023,8,BARRA DE SAO FRANCISCO,35,20,42498,82.36,47.06,56.47,49.41,42.35,49.41,57.65
2023,9,BARRA DE SAO FRANCISCO,24,11,42498,56.47,25.88,82.36,56.47,49.41,62.75,60.39
2023,10,BARRA DE SAO FRANCISCO,31,12,42498,72.94,28.24,56.47,82.36,56.47,65.1,57.65
2023,11,BARRA DE SAO FRANCISCO,33,17,42498,77.65,40.0,72.94,56.47,82.36,70.59,60.0
2023,12,BARRA DE SAO FRANCISCO,38,16,42498,89.42,37.65,77.65,72.94,56.47,69.02,65.88
2024,1,BARRA DE SAO FRANCISCO,28,15,45250,61.88,33.15,89.42,77.65,72.94,80.0,72.55
2024,2,BARRA DE SAO FRANCISCO,27,12,45250,59.67,26.52,61.88,89.42,77.65,76.32,73.45
2024,3,BARRA DE SAO FRANCISCO,25,6,45250,55.25,13.26,59.67,61.88,89.42,70.32,69.67
2024,4,BARRA DE SAO FRANCISCO,29,14,45250,64.09,30.94,55.25,59.67,61.88,58.93,69.47
2024,5,BARRA DE SAO FRANCISCO,27,17,45250,59.67,37.57,64.09,55.25,59.67,59.67,67.99
2024,6,BARRA DE SAO FRANCISCO,28,15,45250,61.88,33.15,59.67,64.09,55.25,59.67,65.0
2024,7,BARRA DE SAO FRANCISCO,25,8,45250,55.25,17.68,61.88,59.67,64.09,61.88,60.41
2024,8,BARRA DE SAO FRANCISCO,37,17,45250,81.77,37.57,55.25,61.88,59.67,58.93,59.3
2024,9,BARRA DE SAO FRANCISCO,30,10,45250,66.3,22.1,81.77,55.25,61.88,66.3,62.99
2024,10,BARRA DE SAO FRANCISCO,25,10,45250,55.25,22.1,66.3,81.77,55.25,67.77,64.83
2024,11,BARRA DE SAO FRANCISCO,53,22,45250,117.13,48.62,55.25,66.3,81.77,67.77,63.35
2024,12,BARRA DE SAO FRANCISCO,29,17,45250,64.09,37.57,117.13,55.25,66.3,79.56,72.93
2025,1,BARRA DE SAO FRANCISCO,33,21,45415,72.66,46.24,64.09,117.13,55.25,78.82,73.3
2025,2,BARRA DE SAO FRANCISCO,36,12,45415,79.27,26.42,72.66,64.09,117.13,84.63,76.2
2025,3,BARRA DE SAO FRANCISCO,35,20,45415,77.07,44.04,79.27,72.66,64.09,72.01,75.78
2025,4,BARRA DE SAO FRANCISCO,38,13,45415,83.67,28.62,77.07,79.27,72.66,76.33,77.58
2025,5,BARRA DE SAO FRANCISCO,37,15,45415,81.47,33.03,83.67,77.07,79.27,80.0,82.32
2025,6,BARRA DE SAO FRANCISCO,52,17,45415,114.5,37.43,81.47,83.67,77.07,80.74,76.37
2025,7,BARRA DE SAO FRANCISCO,45,24,45415,99.09,52.85,114.5,81.47,83.67,93.21,84.77
2025,8,BARRA DE SAO FRANCISCO,56,24,45415,123.31,52.85,99.09,114.5,81.47,98.35,89.18
2025,9,BARRA DE SAO FRANCISCO,48,22,45415,105.69,48.44,123.31,99.09,114.5,112.3,96.52
2025,10,BARRA DE SAO FRANCISCO,40,22,45415,88.08,48.44,105.69,123.31,99.09,109.36,101.29
2025,11,BARRA DE SAO FRANCISCO,31,13,45415,68.26,28.62,88.08,105.69,123.31,105.69,102.02
2025,12,BARRA DE SAO FRANCISCO,40,17,45415,88.08,37.43,68.26,88.08,105.69,87.34,99.82
2023,1,BOA ESPERANCA,15,10,13608,110.23,73.49,,,,,
2023,2,BOA ESPERANCA,7,5,13608,51.44,36.74,110.23,,,,
2023,3,BOA ESPERANCA,5,5,13608,36.74,36.74,51.44,110.23,,,
2023,4,BOA ESPERANCA,8,4,13608,58.79,29.39,36.74,51.44,110.23,66.14,
2023,5,BOA ESPERANCA,10,7,13608,73.49,51.44,58.79,36.74,51.44,48.99,
2023,6,BOA ESPERANCA,11,9,13608,80.83,66.14,73.49,58.79,36.74,56.34,
2023,7,BOA ESPERANCA,10,8,13608,73.49,58.79,80.83,73.49,58.79,71.04,68.59
2023,8,BOA ESPERANCA,7,6,13608,51.44,44.09,73.49,80.83,73.49,75.94,62.46
2023,9,BOA ESPERANCA,8,5,13608,58.79,36.74,51.44,73.49,80.83,68.59,62.46
2023,10,BOA ESPERANCA,7,6,13608,51.44,44.09,58.79,51.44,73.49,61.24,66.14
2023,11,BOA ESPERANCA,5,4,13608,36.74,29.39,51.44,58.79,51.44,53.89,64.91
2023,12,BOA ESPERANCA,7,6,13608,51.44,44.09,36.74,51.44,58.79,48.99,58.79
2024,1,BOA ESPERANCA,10,6,14079,71.03,42.62,51.44,36.74,51.44,46.54,53.89
2024,2,BOA ESPERANCA,12,8,14079,85.23,56.82,71.03,51.44,36.74,53.07,53.48
2024,3,BOA ESPERANCA,17,13,14079,120.75,92.34,85.23,71.03,51.44,69.23,59.11
2024,4,BOA ESPERANCA,7,4,14079,49.72,28.41,120.75,85.23,71.03,92.34,69.44
2024,5,BOA ESPERANCA,5,3,14079,35.51,21.31,49.72,120.75,85.23,85.23,69.15
2024,6,BOA ESPERANCA,7,5,14079,49.72,35.51,35.51,49.72,120.75,68.66,68.95
2024,7,BOA ESPERANCA,3,2,14079,21.31,14.21,49.72,35.51,49.72,44.98,68.66
2024,8,BOA ESPERANCA,8,5,14079,56.82,35.51,21.31,49.72,35.51,35.51,60.37
2024,9,BOA ESPERANCA,9,7,14079,63.92,49.72,56.82,21.31,49.72,42.62,55.64
2024,10,BOA ESPERANCA,6,3,14079,42.62,21.31,63.92,56.82,21.31,47.35,46.17
2024,11,BOA ESPERANCA,6,3,14079,42.62,21.31,42.62,63.92,56.82,54.45,44.98
2024,12,BOA ESPERANCA,11,7,14079,78.13,49.72,42.62,42.62,63.92,49.72,46.17
2025,1,BOA ESPERANCA,8,5,14054,56.92,35.58,78.13,42.62,42.62,54.46,50.9
2025,2,BOA ESPERANCA,10,7,14054,71.15,49.81,56.92,78.13,42.62,59.22,56.84
2025,3,BOA ESPERANCA,6,5,14054,42.69,35.58,71.15,56.92,78.13,68.73,59.23
2025,4,BOA ESPERANCA,11,9,14054,78.27,64.04,42.69,71.15,56.92,56.92,55.69
2025,5,BOA ESPERANCA,13,7,14054,92.5,49.81,78.27,42.69,71.15,64.04,61.63
2025,6,BOA ESPERANCA,8,6,14054,56.92,42.69,92.5,78.27,42.69,71.15,69.94
2025,7,BOA ESPERANCA,10,6,14054,71.15,42.69,56.92,92.5,78.27,75.9,66.41
2025,8,BOA ESPERANCA,16,13,14054,113.85,92.5,71.15,56.92,92.5,73.52,68.78
2025,9,BOA ESPERANCA,9,8,14054,64.04,56.92,113.85,71.15,56.92,80.64,75.9
2025,10,BOA ESPERANCA,10,8,14054,71.15,56.92,64.04,113.85,71.15,83.01,79.46
2025,11,BOA ESPERANCA,6,2,14054,42.69,14.23,71.15,64.04,113.85,83.01,78.27
2025,12,BOA ESPERANCA,7,4,14054,49.81,28.46,42.69,71.15,64.04,59.29,69.97
2023,1,BOM JESUS DO NORTE,2,1,10254,19.5,9.75,,,,,
2023,2,BOM JESUS DO NORTE,2,0,10254,19.5,0.0,19.5,,,,
2023,3,BOM JESUS DO NORTE,5,4,10254,48.76,39.01,19.5,19.5,,,
2023,4,BOM JESUS DO NORTE,2,0,10254,19.5,0.0,48.76,19.5,19.5,29.25,
2023,5,BOM JESUS DO NORTE,4,1,10254,39.01,9.75,19.5,48.76,19.5,29.25,
2023,6,BOM JESUS DO NORTE,2,1,10254,19.5,9.75,39.01,19.5,48.76,35.76,
2023,7,BOM JESUS DO NORTE,3,1,10254,29.26,9.75,19.5,39.01,19.5,26.0,27.63
2023,8,BOM JESUS DO NORTE,4,1,10254,39.01,9.75,29.26,19.5,39.01,29.26,29.26
2023,9,BOM JESUS DO NORTE,1,0,10254,9.75,0.0,39.01,29.26,19.5,29.26,32.51
2023,10,BOM JESUS DO NORTE,3,1,10254,29.26,9.75,9.75,39.01,29.26,26.01,26.0
2023,11,BOM JESUS DO NORTE,1,1,10254,9.75,9.75,29.26,9.75,39.01,26.01,27.63
2023,12,BOM JESUS DO NORTE,5,3,10254,48.76,29.26,9.75,29.26,9.75,16.25,22.76
2024,1,BOM JESUS DO NORTE,4,2,10764,37.16,18.58,48.76,9.75,29.26,29.26,27.63
2024,2,BOM JESUS DO NORTE,3,1,10764,27.87,9.29,37.16,48.76,9.75,31.89,28.95
2024,3,BOM JESUS DO NORTE,4,1,10764,37.16,9.29,27.87,37.16,48.76,37.93,27.09
2024,4,BOM JESUS DO NORTE,2,0,10764,18.58,0.0,37.16,27.87,37.16,34.06,31.66
2024,5,BOM JESUS DO NORTE,5,3,10764,46.45,27.87,18.58,37.16,27.87,27.87,29.88
2024,6,BOM JESUS DO NORTE,1,1,10764,9.29,9.29,46.45,18.58,37.16,34.06,36.0
2024,7,BOM JESUS DO NORTE,4,3,10764,37.16,27.87,9.29,46.45,18.58,24.77,29.42
2024,8,BOM JESUS DO NORTE,4,3,10764,37.16,27.87,37.16,9.29,46.45,30.97,29.42
2024,9,BOM JESUS DO NORTE,3,2,10764,27.87,18.58,37.16,37.16,9.29,27.87,30.97
2024,10,BOM JESUS DO NORTE,1,0,10764,9.29,0.0,27.87,37.16,37.16,34.06,29.42
2024,11,BOM JESUS DO NORTE,2,2,10764,18.58,18.58,9.29,27.87,37.16,24.77,27.87
2024,12,BOM JESUS DO NORTE,4,2,10764,37.16,18.58,18.58,9.29,27.87,18.58,23.22
2025,1,BOM JESUS DO NORTE,2,1,10820,18.48,9.24,37.16,18.58,9.29,21.68,27.87
2025,2,BOM JESUS DO NORTE,1,0,10820,9.24,0.0,18.48,37.16,18.58,24.74,24.76
2025,3,BOM JESUS DO NORTE,1,1,10820,9.24,9.24,9.24,18.48,37.16,21.63,20.1
2025,4,BOM JESUS DO NORTE,1,1,10820,9.24,9.24,9.24,9.24,18.48,12.32,17.0
2025,5,BOM JESUS DO NORTE,3,0,10820,27.73,0.0,9.24,9.24,9.24,9.24,16.99
2025,6,BOM JESUS DO NORTE,4,1,10820,36.97,9.24,27.73,9.24,9.24,15.4,18.52
2025,7,BOM JESUS DO NORTE,3,2,10820,27.73,18.48,36.97,27.73,9.24,24.65,18.48
2025,8,BOM JESUS DO NORTE,2,2,10820,18.48,18.48,27.73,36.97,27.73,30.81,20.02
2025,9,BOM JESUS DO NORTE,3,2,10820,27.73,18.48,18.48,27.73,36.97,27.73,21.56
2025,10,BOM JESUS DO NORTE,4,2,10820,36.97,18.48,27.73,18.48,27.73,24.65,24.65
2025,11,BOM JESUS DO NORTE,4,3,10820,36.97,27.73,36.97,27.73,18.48,27.73,29.27
2025,12,BOM JESUS DO NORTE,3,3,10820,27.73,27.73,36.97,36.97,27.73,33.89,30.81
2023,1,BREJETUBA,7,3,12985,53.91,23.1,,,,,
2023,2,BREJETUBA,6,4,12985,46.21,30.8,53.91,,,,
2023,3,BREJETUBA,7,4,12985,53.91,30.8,46.21,53.91,,,
2023,4,BREJETUBA,8,6,12985,61.61,46.21,53.91,46.21,53.91,51.34,
2023,5,BREJETUBA,10,7,12985,77.01,53.91,61.61,53.91,46.21,53.91,
2023,6,BREJETUBA,5,3,12985,38.51,23.1,77.01,61.61,53.91,64.18,
2023,7,BREJETUBA,3,2,12985,23.1,15.4,38.51,77.01,61.61,59.04,55.19
2023,8,BREJETUBA,3,2,12985,23.1,15.4,23.1,38.51,77.01,46.21,50.06
2023,9,BREJETUBA,7,5,12985,53.91,38.51,23.1,23.1,38.51,28.24,46.21
2023,10,BREJETUBA,6,5,12985,46.21,38.51,53.91,23.1,23.1,33.37,46.21
2023,11,BREJETUBA,2,0,12985,15.4,0.0,46.21,53.91,23.1,41.07,43.64
2023,12,BREJETUBA,3,2,12985,23.1,15.4,15.4,46.21,53.91,38.51,33.37
2024,1,BREJETUBA,7,4,13642,51.31,29.32,23.1,15.4,46.21,28.24,30.8
2024,2,BREJETUBA,4,2,13642,29.32,14.66,51.31,23.1,15.4,29.94,35.5
2024,3,BREJETUBA,3,1,13642,21.99,7.33,29.32,51.31,23.1,34.58,36.54
2024,4,BREJETUBA,3,2,13642,21.99,14.66,21.99,29.32,51.31,34.21,31.22
2024,5,BREJETUBA,4,2,13642,29.32,14.66,21.99,21.99,29.32,24.43,27.18
2024,6,BREJETUBA,5,4,13642,36.65,29.32,29.32,21.99,21.99,24.43,29.5
2024,7,BREJETUBA,6,3,13642,43.98,21.99,36.65,29.32,21.99,29.32,31.76
2024,8,BREJETUBA,3,2,13642,21.99,14.66,43.98,36.65,29.32,36.65,30.54
2024,9,BREJETUBA,4,2,13642,29.32,14.66,21.99,43.98,36.65,34.21,29.32
2024,10,BREJETUBA,3,0,13642,21.99,0.0,29.32,21.99,43.98,31.76,30.54
2024,11,BREJETUBA,4,3,13642,29.32,21.99,21.99,29.32,21.99,24.43,30.54
2024,12,BREJETUBA,3,2,13642,21.99,14.66,29.32,21.99,29.32,26.88,30.54
2025,1,BREJETUBA,4,2,13718,29.16,14.58,21.99,29.32,21.99,24.43,28.1
2025,2,BREJETUBA,3,2,13718,21.87,14.58,29.16,21.99,29.32,26.82,25.63
2025,3,BREJETUBA,9,7,13718,65.61,51.03,21.87,29.16,21.99,24.34,25.61
2025,4,BREJETUBA,6,3,13718,43.74,21.87,65.61,21.87,29.16,38.88,31.66
2025,5,BREJETUBA,5,2,13718,36.45,14.58,43.74,65.61,21.87,43.74,35.28
2025,6,BREJETUBA,10,4,13718,72.9,29.16,36.45,43.74,65.61,48.6,36.47
2025,7,BREJETUBA,4,2,13718,29.16,14.58,72.9,36.45,43.74,51.03,44.96
2025,8,BREJETUBA,7,6,13718,51.03,43.74,29.16,72.9,36.45,46.17,44.96
2025,9,BREJETUBA,4,0,13718,29.16,0.0,51.03,29.16,72.9,51.03,49.82
2025,10,BREJETUBA,5,3,13718,36.45,21.87,29.16,51.03,29.16,36.45,43.74
2025,11,BREJETUBA,4,0,13718,29.16,0.0,36.45,29.16,51.03,38.88,42.52
2025,12,BREJETUBA,6,5,13718,43.74,36.45,29.16,36.45,29.16,31.59,41.31
2023,1,CACHOEIRO DE ITAPEMIRIM,205,90,185786,110.34,48.44,,,,,
2023,2,CACHOEIRO DE ITAPEMIRIM,159,66,185786,85.58,35.52,110.34,,,,
2023,3,CACHOEIRO DE ITAPEMIRIM,187,82,185786,100.65,44.14,85.58,110.34,,,
2023,4,CACHOEIRO DE ITAPEMIRIM,138,59,185786,74.28,31.76,100.65,85.58,110.34,98.86,
2023,5,CACHOEIRO DE ITAPEMIRIM,159,63,185786,85.58,33.91,74.28,100.65,85.58,86.84,
2023,6,CACHOEIRO DE ITAPEMIRIM,155,54,185786,83.43,29.07,85.58,74.28,100.65,86.84,
2023,7,CACHOEIRO DE ITAPEMIRIM,145,54,185786,78.05,29.07,83.43,85.58,74.28,81.1,89.98
2023,8,CACHOEIRO DE ITAPEMIRIM,149,64,185786,80.2,34.45,78.05,83.43,85.58,82.35,84.6
2023,9,CACHOEIRO DE ITAPEMIRIM,161,65,185786,86.66,34.99,80.2,78.05,83.43,80.56,83.7
2023,10,CACHOEIRO DE ITAPEMIRIM,211,88,185786,113.57,47.37,86.66,80.2,78.05,81.64,81.37
2023,11,CACHOEIRO DE ITAPEMIRIM,186,81,185786,100.12,43.6,113.57,86.66,80.2,93.48,87.92
2023,12,CACHOEIRO DE ITAPEMIRIM,171,81,185786,92.04,43.6,100.12,113.57,86.66,100.12,90.34
2024,1,CACHOEIRO DE ITAPEMIRIM,183,74,198323,92.27,37.31,92.04,100.12,113.57,101.91,91.77
2024,2,CACHOEIRO DE ITAPEMIRIM,184,78,198323,92.78,39.33,92.27,92.04,100.12,94.81,94.14
2024,3,CACHOEIRO DE ITAPEMIRIM,203,103,198323,102.36,51.94,92.78,92.27,92.04,92.36,96.24
2024,4,CACHOEIRO DE ITAPEMIRIM,201,99,198323,101.35,49.92,102.36,92.78,92.27,95.8,98.86
2024,5,CACHOEIRO DE ITAPEMIRIM,239,120,198323,120.51,60.51,101.35,102.36,92.78,98.83,96.82
2024,6,CACHOEIRO DE ITAPEMIRIM,184,86,198323,92.78,43.36,120.51,101.35,102.36,108.07,100.22
2024,7,CACHOEIRO DE ITAPEMIRIM,188,96,198323,94.79,48.41,92.78,120.51,101.35,104.88,100.34
2024,8,CACHOEIRO DE ITAPEMIRIM,216,104,198323,108.91,52.44,94.79,92.78,120.51,102.69,100.76
2024,9,CACHOEIRO DE ITAPEMIRIM,169,86,198323,85.21,43.36,108.91,94.79,92.78,98.83,103.45
2024,10,CACHOEIRO DE ITAPEMIRIM,188,96,198323,94.79,48.41,85.21,108.91,94.79,96.3,100.59
2024,11,CACHOEIRO DE ITAPEMIRIM,169,81,198323,85.21,40.84,94.79,85.21,108.91,96.3,99.5
2024,12,CACHOEIRO DE ITAPEMIRIM,165,82,198323,83.2,41.35,85.21,94.79,85.21,88.4,93.62
2025,1,CACHOEIRO DE ITAPEMIRIM,206,98,198342,103.86,49.41,83.2,85.21,94.79,87.73,92.02
2025,2,CACHOEIRO DE ITAPEMIRIM,172,74,198342,86.72,37.31,103.86,83.2,85.21,90.76,93.53
2025,3,CACHOEIRO DE ITAPEMIRIM,187,82,198342,94.28,41.34,86.72,103.86,83.2,91.26,89.83
2025,4,CACHOEIRO DE ITAPEMIRIM,239,108,198342,120.5,54.45,94.28,86.72,103.86,94.95,91.34
2025,5,CACHOEIRO DE ITAPEMIRIM,213,105,198342,107.39,52.94,120.5,94.28,86.72,100.5,95.63
2025,6,CACHOEIRO DE ITAPEMIRIM,221,99,198342,111.42,49.91,107.39,120.5,94.28,107.39,99.32
2025,7,CACHOEIRO DE ITAPEMIRIM,289,136,198342,145.71,68.57,111.42,107.39,120.5,113.1,104.03
2025,8,CACHOEIRO DE ITAPEMIRIM,194,103,198342,97.81,51.93,145.71,111.42,107.39,121.51,111.0
2025,9,CACHOEIRO DE ITAPEMIRIM,231,114,198342,116.47,57.48,97.81,145.71,111.42,118.31,112.85
2025,10,CACHOEIRO DE ITAPEMIRIM,259,124,198342,130.58,62.52,116.47,97.81,145.71,120.0,116.55
2025,11,CACHOEIRO DE ITAPEMIRIM,200,96,198342,100.84,48.4,130.58,116.47,97.81,114.95,118.23
2025,12,CACHOEIRO DE ITAPEMIRIM,185,88,198342,93.27,44.37,100.84,130.58,116.47,115.96,117.14
2023,1,CARIACICA,250,98,353491,70.72,27.72,,,,,
2023,2,CARIACICA,245,95,353491,69.31,26.87,70.72,,,,
2023,3,CARIACICA,267,83,353491,75.53,23.48,69.31,70.72,,,
2023,4,CARIACICA,237,82,353491,67.05,23.2,75.53,69.31,70.72,71.85,
2023,5,CARIACICA,261,99,353491,73.83,28.01,67.05,75.53,69.31,70.63,
2023,6,CARIACICA,242,98,353491,68.46,27.72,73.83,67.05,75.53,72.14,
2023,7,CARIACICA,267,98,353491,75.53,27.72,68.46,73.83,67.05,69.78,70.82
2023,8,CARIACICA,300,106,353491,84.87,29.99,75.53,68.46,73.83,72.61,71.62
2023,9,CARIACICA,302,108,353491,85.43,30.55,84.87,75.53,68.46,76.29,74.21
2023,10,CARIACICA,317,127,353491,89.68,35.93,85.43,84.87,75.53,81.94,75.86
2023,11,CARIACICA,341,129,353491,96.47,36.49,89.68,85.43,84.87,86.66,79.63
2023,12,CARIACICA,243,97,353491,68.74,27.44,96.47,89.68,85.43,90.53,83.41
2024,1,CARIACICA,309,95,375485,82.29,25.3,68.74,96.47,89.68,84.96,83.45
2024,2,CARIACICA,300,117,375485,79.9,31.16,82.29,68.74,96.47,82.5,84.58
2024,3,CARIACICA,353,123,375485,94.01,32.76,79.9,82.29,68.74,76.98,83.75
2024,4,CARIACICA,320,140,375485,85.22,37.29,94.01,79.9,82.29,85.4,85.18
2024,5,CARIACICA,365,151,375485,97.21,40.21,85.22,94.01,79.9,86.38,84.44
2024,6,CARIACICA,306,116,375485,81.49,30.89,97.21,85.22,94.01,92.15,84.56
2024,7,CARIACICA,325,115,375485,86.55,30.63,81.49,97.21,85.22,87.97,86.69
2024,8,CARIACICA,389,134,375485,103.6,35.69,86.55,81.49,97.21,88.42,87.4
2024,9,CARIACICA,313,107,375485,83.36,28.5,103.6,86.55,81.49,90.55,91.35
2024,10,CARIACICA,321,101,375485,85.49,26.9,83.36,103.6,86.55,91.17,89.57
2024,11,CARIACICA,339,115,375485,90.28,30.63,85.49,83.36,103.6,90.82,89.62
2024,12,CARIACICA,277,111,375485,73.77,29.56,90.28,85.49,83.36,86.38,88.46
2025,1,CARIACICA,284,103,376200,75.49,27.38,73.77,90.28,85.49,83.18,87.18
2025,2,CARIACICA,272,107,376200,72.3,28.44,75.49,73.77,90.28,79.85,85.33
2025,3,CARIACICA,304,130,376200,80.81,34.56,72.3,75.49,73.77,73.85,80.11
2025,4,CARIACICA,342,157,376200,90.91,41.73,80.81,72.3,75.49,76.2,79.69
2025,5,CARIACICA,407,168,376200,108.19,44.66,90.91,80.81,72.3,81.34,80.59
2025,6,CARIACICA,394,160,376200,104.73,42.53,108.19,90.91,80.81,93.3,83.58
2025,7,CARIACICA,414,168,376200,110.05,44.66,104.73,108.19,90.91,101.28,88.74
2025,8,CARIACICA,474,194,376200,126.0,51.57,110.05,104.73,108.19,107.66,94.5
2025,9,CARIACICA,464,203,376200,123.34,53.96,126.0,110.05,104.73,113.59,103.45
2025,10,CARIACICA,447,191,376200,118.82,50.77,123.34,126.0,110.05,119.8,110.54
2025,11,CARIACICA,408,176,376200,108.45,46.78,118.82,123.34,126.0,122.72,115.19
2025,12,CARIACICA,395,152,376200,105.0,40.4,108.45,118.82,123.34,116.87,115.23
2023,1,CASTELO,7,3,36930,18.95,8.12,,,,,
2023,2,CASTELO,7,2,36930,18.95,5.42,18.95,,,,
2023,3,CASTELO,16,4,36930,43.33,10.83,18.95,18.95,,,
2023,4,CASTELO,5,1,36930,13.54,2.71,43.33,18.95,18.95,27.08,
2023,5,CASTELO,10,5,36930,27.08,13.54,13.54,43.33,18.95,25.27,
2023,6,CASTELO,7,1,36930,18.95,2.71,27.08,13.54,43.33,27.98,
2023,7,CASTELO,10,1,36930,27.08,2.71,18.95,27.08,13.54,19.86,23.47
2023,8,CASTELO,19,4,36930,51.45,10.83,27.08,18.95,27.08,24.37,24.82
2023,9,CASTELO,13,5,36930,35.2,13.54,51.45,27.08,18.95,32.49,30.24
2023,10,CASTELO,20,8,36930,54.16,21.66,35.2,51.45,27.08,37.91,28.88
2023,11,CASTELO,21,9,36930,56.86,24.37,54.16,35.2,51.45,46.94,35.65
2023,12,CASTELO,21,5,36930,56.86,13.54,56.86,54.16,35.2,48.74,40.62
2024,1,CASTELO,19,7,39396,48.23,17.77,56.86,56.86,54.16,55.96,46.94
2024,2,CASTELO,20,9,39396,50.77,22.84,48.23,56.86,56.86,53.98,50.46
2024,3,CASTELO,20,6,39396,50.77,15.23,50.77,48.23,56.86,51.95,50.35
2024,4,CASTELO,26,8,39396,66.0,20.31,50.77,50.77,48.23,49.92,52.94
2024,5,CASTELO,30,9,39396,76.15,22.84,66.0,50.77,50.77,55.85,54.92
2024,6,CASTELO,20,10,39396,50.77,25.38,76.15,66.0,50.77,64.31,58.13
2024,7,CASTELO,27,10,39396,68.53,25.38,50.77,76.15,66.0,64.31,57.12
2024,8,CASTELO,31,14,39396,78.69,35.54,68.53,50.77,76.15,65.15,60.5
2024,9,CASTELO,20,9,39396,50.77,22.84,78.69,68.53,50.77,66.0,65.15
2024,10,CASTELO,28,16,39396,71.07,40.61,50.77,78.69,68.53,66.0,65.15
2024,11,CASTELO,41,29,39396,104.07,73.61,71.07,50.77,78.69,66.84,66.0
2024,12,CASTELO,16,9,39396,40.61,22.84,104.07,71.07,50.77,75.3,70.65
2025,1,CASTELO,21,6,39575,53.06,15.16,40.61,104.07,71.07,71.92,68.96
2025,2,CASTELO,26,9,39575,65.7,22.74,53.06,40.61,104.07,65.91,66.38
2025,3,CASTELO,40,9,39575,101.07,22.74,65.7,53.06,40.61,53.12,64.21
2025,4,CASTELO,34,7,39575,85.91,17.69,101.07,65.7,53.06,73.28,72.6
2025,5,CASTELO,31,3,39575,78.33,7.58,85.91,101.07,65.7,84.23,75.07
2025,6,CASTELO,30,11,39575,75.81,27.8,78.33,85.91,101.07,88.44,70.78
2025,7,CASTELO,45,19,39575,113.71,48.01,75.81,78.33,85.91,80.02,76.65
2025,8,CASTELO,34,15,39575,85.91,37.9,113.71,75.81,78.33,89.28,86.76
2025,9,CASTELO,36,20,39575,90.97,50.54,85.91,113.71,75.81,91.81,90.12
2025,10,CASTELO,48,26,39575,121.29,65.7,90.97,85.91,113.71,96.86,88.44
2025,11,CASTELO,39,16,39575,98.55,40.43,121.29,90.97,85.91,99.39,94.34
2025,12,CASTELO,22,9,39575,55.59,22.74,98.55,121.29,90.97,103.6,97.71
2023,1,COLATINA,124,36,120033,103.3,29.99,,,,,
2023,2,COLATINA,85,31,120033,70.81,25.83,103.3,,,,
2023,3,COLATINA,87,30,120033,72.48,24.99,70.81,103.3,,,
2023,4,COLATINA,69,29,120033,57.48,24.16,72.48,70.81,103.3,82.2,
2023,5,COLATINA,94,27,120033,78.31,22.49,57.48,72.48,70.81,66.92,
2023,6,COLATINA,65,21,120033,54.15,17.5,78.31,57.48,72.48,69.42,
2023,7,COLATINA,90,38,120033,74.98,31.66,54.15,78.31,57.48,63.31,72.76
2023,8,COLATINA,120,49,120033,99.97,40.82,74.98,54.15,78.31,69.15,68.04
2023,9,COLATINA,77,36,120033,64.15,29.99,99.97,74.98,54.15,76.37,72.9
2023,10,COLATINA,82,35,120033,68.31,29.16,64.15,99.97,74.98,79.7,71.51
2023,11,COLATINA,65,22,120033,54.15,18.33,68.31,64.15,99.97,77.48,73.31
2023,12,COLATINA,80,37,120033,66.65,30.82,54.15,68.31,64.15,62.2,69.28
2024,1,COLATINA,96,36,128622,74.64,27.99,66.65,54.15,68.31,63.04,71.37
2024,2,COLATINA,84,28,128622,65.31,21.77,74.64,66.65,54.15,65.15,71.31
2024,3,COLATINA,109,40,128622,84.74,31.1,65.31,74.64,66.65,68.87,65.54
2024,4,COLATINA,82,24,128622,63.75,18.66,84.74,65.31,74.64,74.9,68.97
2024,5,COLATINA,97,31,128622,75.41,24.1,63.75,84.74,65.31,71.27,68.21
2024,6,COLATINA,87,24,128622,67.64,18.66,75.41,63.75,84.74,74.63,71.75
2024,7,COLATINA,104,26,128622,80.86,20.21,67.64,75.41,63.75,68.93,71.92
2024,8,COLATINA,125,27,128622,97.18,20.99,80.86,67.64,75.41,74.64,72.95
2024,9,COLATINA,104,29,128622,80.86,22.55,97.18,80.86,67.64,81.89,78.26
2024,10,COLATINA,142,32,128622,110.4,24.88,80.86,97.18,80.86,86.3,77.62
2024,11,COLATINA,120,23,128622,93.3,17.88,110.4,80.86,97.18,96.15,85.39
2024,12,COLATINA,98,22,128622,76.19,17.1,93.3,110.4,80.86,94.85,88.37
2025,1,COLATINA,115,24,129301,88.94,18.56,76.19,93.3,110.4,93.3,89.8
2025,2,COLATINA,97,30,129301,75.02,23.2,88.94,76.19,93.3,86.14,91.14
2025,3,COLATINA,143,49,129301,110.59,37.9,75.02,88.94,76.19,80.05,87.45
2025,4,COLATINA,146,51,129301,112.91,39.44,110.59,75.02,88.94,91.52,92.41
2025,5,COLATINA,137,50,129301,105.95,38.67,112.91,110.59,75.02,99.51,92.82
2025,6,COLATINA,133,59,129301,102.86,45.63,105.95,112.91,110.59,109.82,94.93
2025,7,COLATINA,147,60,129301,113.69,46.4,102.86,105.95,112.91,107.24,99.38
2025,8,COLATINA,142,47,129301,109.82,36.35,113.69,102.86,105.95,107.5,103.5
2025,9,COLATINA,173,68,129301,133.8,52.59,109.82,113.69,102.86,108.79,109.3
2025,10,COLATINA,170,58,129301,131.48,44.86,133.8,109.82,113.69,119.1,113.17
2025,11,COLATINA,118,43,129301,91.26,33.26,131.48,133.8,109.82,125.03,116.27
2025,12,COLATINA,99,41,129301,76.57,31.71,91.26,131.48,133.8,118.85,113.82
2023,1,CONCEICAO DA BARRA,20,11,27458,72.84,40.06,,,,,
2023,2,CONCEICAO DA BARRA,16,5,27458,58.27,18.21,72.84,,,,
2023,3,CONCEICAO DA BARRA,25,7,27458,91.05,25.49,58.27,72.84,,,
2023,4,CONCEICAO DA BARRA,16,3,27458,58.27,10.93,91.05,58.27,72.84,74.05,
2023,5,CONCEICAO DA BARRA,33,6,27458,120.18,21.85,58.27,91.05,58.27,69.2,
2023,6,CONCEICAO DA BARRA,17,7,27458,61.91,25.49,120.18,58.27,91.05,89.83,
2023,7,CONCEICAO DA BARRA,24,15,27458,87.41,54.63,61.91,120.18,58.27,80.12,77.09
2023,8,CONCEICAO DA BARRA,20,7,27458,72.84,25.49,87.41,61.91,120.18,89.83,79.52
2023,9,CONCEICAO DA BARRA,12,4,27458,43.7,14.57,72.84,87.41,61.91,74.05,81.94
2023,10,CONCEICAO DA BARRA,23,8,27458,83.76,29.14,43.7,72.84,87.41,67.98,74.05
2023,11,CONCEICAO DA BARRA,7,3,27458,25.49,10.93,83.76,43.7,72.84,66.77,78.3
2023,12,CONCEICAO DA BARRA,18,11,27458,65.55,40.06,25.49,83.76,43.7,50.98,62.52
2024,1,CONCEICAO DA BARRA,27,12,28953,93.25,41.45,65.55,25.49,83.76,58.27,63.12
2024,2,CONCEICAO DA BARRA,22,9,28953,75.99,31.08,93.25,65.55,25.49,61.43,64.1
2024,3,CONCEICAO DA BARRA,16,8,28953,55.26,27.63,75.99,93.25,65.55,78.26,64.62
2024,4,CONCEICAO DA BARRA,18,7,28953,62.17,24.18,55.26,75.99,93.25,74.83,66.55
2024,5,CONCEICAO DA BARRA,17,5,28953,58.72,17.27,62.17,55.26,75.99,64.47,62.95
2024,6,CONCEICAO DA BARRA,13,4,28953,44.9,13.82,58.72,62.17,55.26,58.72,68.49
2024,7,CONCEICAO DA BARRA,17,9,28953,58.72,31.08,44.9,58.72,62.17,55.26,65.05
2024,8,CONCEICAO DA BARRA,30,16,28953,103.62,55.26,58.72,44.9,58.72,54.11,59.29
2024,9,CONCEICAO DA BARRA,17,11,28953,58.72,37.99,103.62,58.72,44.9,69.08,63.9
2024,10,CONCEICAO DA BARRA,11,7,28953,37.99,24.18,58.72,103.62,58.72,73.69,64.48
2024,11,CONCEICAO DA BARRA,24,12,28953,82.89,41.45,37.99,58.72,103.62,66.78,60.44
2024,12,CONCEICAO DA BARRA,16,8,28953,55.26,27.63,82.89,37.99,58.72,59.87,64.47
2025,1,CONCEICAO DA BARRA,32,14,28923,110.64,48.4,55.26,82.89,37.99,58.71,66.2
2025,2,CONCEICAO DA BARRA,19,10,28923,65.69,34.57,110.64,55.26,82.89,82.93,74.85
2025,3,CONCEICAO DA BARRA,19,6,28923,65.69,20.74,65.69,110.64,55.26,77.2,68.53
2025,4,CONCEICAO DA BARRA,21,9,28923,72.61,31.12,65.69,65.69,110.64,80.67,69.69
2025,5,CONCEICAO DA BARRA,17,9,28923,58.78,31.12,72.61,65.69,65.69,68.0,75.46
2025,6,CONCEICAO DA BARRA,22,8,28923,76.06,27.66,58.78,72.61,65.69,65.69,71.45
2025,7,CONCEICAO DA BARRA,31,14,28923,107.18,48.4,76.06,58.78,72.61,69.15,74.91
2025,8,CONCEICAO DA BARRA,27,13,28923,93.35,44.95,107.18,76.06,58.78,80.67,74.34
2025,9,CONCEICAO DA BARRA,27,12,28923,93.35,41.49,93.35,107.18,76.06,92.2,78.95
2025,10,CONCEICAO DA BARRA,26,13,28923,89.89,44.95,93.35,93.35,107.18,97.96,83.56
2025,11,CONCEICAO DA BARRA,17,7,28923,58.78,24.2,89.89,93.35,93.35,92.2,86.44
2025,12,CONCEICAO DA BARRA,15,10,28923,51.86,34.57,58.78,89.89,93.35,80.67,86.44
2023,1,CONCEICAO DO CASTELO,6,3,11937,50.26,25.13,,,,,
2023,2,CONCEICAO DO CASTELO,4,1,11937,33.51,8.38,50.26,,,,
2023,3,CONCEICAO DO CASTELO,8,1,11937,67.02,8.38,33.51,50.26,,,
2023,4,CONCEICAO DO CASTELO,5,3,11937,41.89,25.13,67.02,33.51,50.26,50.26,
2023,5,CONCEICAO DO CASTELO,6,1,11937,50.26,8.38,41.89,67.02,33.51,47.47,
2023,6,CONCEICAO DO CASTELO,5,1,11937,41.89,8.38,50.26,41.89,67.02,53.06,
2023,7,CONCEICAO DO CASTELO,8,2,11937,67.02,16.75,41.89,50.26,41.89,44.68,47.47
2023,8,CONCEICAO DO CASTELO,1,1,11937,8.38,8.38,67.02,41.89,50.26,53.06,50.27
2023,9,CONCEICAO DO CASTELO,3,2,11937,25.13,16.75,8.38,67.02,41.89,39.1,46.08
2023,10,CONCEICAO DO CASTELO,3,2,11937,25.13,16.75,25.13,8.38,67.02,33.51,39.1
2023,11,CONCEICAO DO CASTELO,6,2,11937,50.26,16.75,25.13,25.13,8.38,19.55,36.3
2023,12,CONCEICAO DO CASTELO,3,2,11937,25.13,16.75,50.26,25.13,25.13,33.51,36.3
2024,1,CONCEICAO DO CASTELO,2,2,12448,16.07,16.07,25.13,50.26,25.13,33.51,33.51
2024,2,CONCEICAO DO CASTELO,5,2,12448,40.17,16.07,16.07,25.13,50.26,30.49,25.02
2024,3,CONCEICAO DO CASTELO,4,0,12448,32.13,0.0,40.17,16.07,25.13,27.12,30.32
2024,4,CONCEICAO DO CASTELO,4,4,12448,32.13,32.13,32.13,40.17,16.07,29.46,31.48
2024,5,CONCEICAO DO CASTELO,8,1,12448,64.27,8.03,32.13,32.13,40.17,34.81,32.65
2024,6,CONCEICAO DO CASTELO,3,0,12448,24.1,0.0,64.27,32.13,32.13,42.84,34.98
2024,7,CONCEICAO DO CASTELO,12,7,12448,96.4,56.23,24.1,64.27,32.13,40.17,34.81
2024,8,CONCEICAO DO CASTELO,8,5,12448,64.27,40.17,96.4,24.1,64.27,61.59,48.2
2024,9,CONCEICAO DO CASTELO,4,1,12448,32.13,8.03,64.27,96.4,24.1,61.59,52.22
2024,10,CONCEICAO DO CASTELO,2,1,12448,16.07,8.03,32.13,64.27,96.4,64.27,52.22
2024,11,CONCEICAO DO CASTELO,9,6,12448,72.3,48.2,16.07,32.13,64.27,37.49,49.54
2024,12,CONCEICAO DO CASTELO,4,2,12448,32.13,16.07,72.3,16.07,32.13,40.17,50.88
2025,1,CONCEICAO DO CASTELO,8,7,12472,64.14,56.13,32.13,72.3,16.07,40.17,52.22
2025,2,CONCEICAO DO CASTELO,5,3,12472,40.09,24.05,64.14,32.13,72.3,56.19,46.84
2025,3,CONCEICAO DO CASTELO,8,4,12472,64.14,32.07,40.09,64.14,32.13,45.45,42.81
2025,4,CONCEICAO DO CASTELO,9,3,12472,72.16,24.05,64.14,40.09,64.14,56.12,48.14
2025,5,CONCEICAO DO CASTELO,7,1,12472,56.13,8.02,72.16,64.14,40.09,58.8,57.49
2025,6,CONCEICAO DO CASTELO,9,4,12472,72.16,32.07,56.13,72.16,64.14,64.14,54.8
2025,7,CONCEICAO DO CASTELO,9,1,12472,72.16,8.02,72.16,56.13,72.16,66.82,61.47
2025,8,CONCEICAO DO CASTELO,10,5,12472,80.18,40.09,72.16,72.16,56.13,66.82,62.81
2025,9,CONCEICAO DO CASTELO,9,3,12472,72.16,24.05,80.18,72.16,72.16,74.83,69.49
2025,10,CONCEICAO DO CASTELO,12,6,12472,96.22,48.11,72.16,80.18,72.16,74.83,70.82
2025,11,CONCEICAO DO CASTELO,10,2,12472,80.18,16.04,96.22,72.16,80.18,82.85,74.83
2025,12,CONCEICAO DO CASTELO,10,3,12472,80.18,24.05,80.18,96.22,72.16,82.85,78.84
2023,1,DIVINO DE SAO LOURENCO,0,0,5083,0.0,0.0,,,,,
2023,2,DIVINO DE SAO LOURENCO,0,0,5083,0.0,0.0,0.0,,,,
2023,3,DIVINO DE SAO LOURENCO,2,0,5083,39.35,0.0,0.0,0.0,,,
2023,4,DIVINO DE SAO LOURENCO,0,0,5083,0.0,0.0,39.35,0.0,0.0,13.12,
2023,5,DIVINO DE SAO LOURENCO,4,1,5083,78.69,19.67,0.0,39.35,0.0,13.12,
2023,6,DIVINO DE SAO LOURENCO,1,0,5083,19.67,0.0,78.69,0.0,39.35,39.35,
2023,7,DIVINO DE SAO LOURENCO,0,0,5083,0.0,0.0,19.67,78.69,0.0,32.79,22.95
2023,8,DIVINO DE SAO LOURENCO,4,2,5083,78.69,39.35,0.0,19.67,78.69,32.79,22.95
2023,9,DIVINO DE SAO LOURENCO,1,1,5083,19.67,19.67,78.69,0.0,19.67,32.79,36.07
2023,10,DIVINO DE SAO LOURENCO,0,0,5083,0.0,0.0,19.67,78.69,0.0,32.79,32.79
2023,11,DIVINO DE SAO LOURENCO,1,0,5083,19.67,0.0,0.0,19.67,78.69,32.79,32.79
2023,12,DIVINO DE SAO LOURENCO,1,0,5083,19.67,0.0,19.67,0.0,19.67,13.11,22.95
2024,1,DIVINO DE SAO LOURENCO,1,1,5359,18.66,18.66,19.67,19.67,0.0,13.11,22.95
2024,2,DIVINO DE SAO LOURENCO,4,1,5359,74.64,18.66,18.66,19.67,19.67,19.33,26.06
2024,3,DIVINO DE SAO LOURENCO,3,1,5359,55.98,18.66,74.64,18.66,19.67,37.66,25.38
2024,4,DIVINO DE SAO LOURENCO,1,1,5359,18.66,18.66,55.98,74.64,18.66,49.76,31.44
2024,5,DIVINO DE SAO LOURENCO,2,0,5359,37.32,0.0,18.66,55.98,74.64,49.76,34.55
2024,6,DIVINO DE SAO LOURENCO,2,0,5359,37.32,0.0,37.32,18.66,55.98,37.32,37.49
2024,7,DIVINO DE SAO LOURENCO,2,1,5359,37.32,18.66,37.32,37.32,18.66,31.1,40.43
2024,8,DIVINO DE SAO LOURENCO,2,1,5359,37.32,18.66,37.32,37.32,37.32,37.32,43.54
2024,9,DIVINO DE SAO LOURENCO,0,0,5359,0.0,0.0,37.32,37.32,37.32,37.32,37.32
2024,10,DIVINO DE SAO LOURENCO,4,2,5359,74.64,37.32,0.0,37.32,37.32,24.88,27.99
2024,11,DIVINO DE SAO LOURENCO,1,1,5359,18.66,18.66,74.64,0.0,37.32,37.32,37.32
2024,12,DIVINO DE SAO LOURENCO,1,0,5359,18.66,0.0,18.66,74.64,0.0,31.1,34.21
2025,1,DIVINO DE SAO LOURENCO,1,1,5397,18.53,18.53,18.66,18.66,74.64,37.32,31.1
2025,2,DIVINO DE SAO LOURENCO,0,0,5397,0.0,0.0,18.53,18.66,18.66,18.62,27.97
2025,3,DIVINO DE SAO LOURENCO,1,1,5397,18.53,18.53,0.0,18.53,18.66,12.4,21.75
2025,4,DIVINO DE SAO LOURENCO,0,0,5397,0.0,0.0,18.53,0.0,18.53,12.35,24.84
2025,5,DIVINO DE SAO LOURENCO,1,0,5397,18.53,0.0,0.0,18.53,0.0,6.18,12.4
2025,6,DIVINO DE SAO LOURENCO,0,0,5397,0.0,0.0,18.53,0.0,18.53,12.35,12.38
2025,7,DIVINO DE SAO LOURENCO,3,3,5397,55.59,55.59,0.0,18.53,0.0,6.18,9.26
2025,8,DIVINO DE SAO LOURENCO,1,0,5397,18.53,0.0,55.59,0.0,18.53,24.71,15.44
2025,9,DIVINO DE SAO LOURENCO,1,0,5397,18.53,0.0,18.53,55.59,0.0,24.71,18.53
2025,10,DIVINO DE SAO LOURENCO,1,0,5397,18.53,0.0,18.53,18.53,55.59,30.88,18.53
2025,11,DIVINO DE SAO LOURENCO,0,0,5397,0.0,0.0,18.53,18.53,18.53,18.53,21.62
2025,12,DIVINO DE SAO LOURENCO,4,1,5397,74.12,18.53,0.0,18.53,18.53,12.35,18.53
2023,1,DOMINGOS MARTINS,16,6,35416,45.18,16.94,,,,,
2023,2,DOMINGOS MARTINS,11,3,35416,31.06,8.47,45.18,,,,
2023,3,DOMINGOS MARTINS,5,1,35416,14.12,2.82,31.06,45.18,,,
2023,4,DOMINGOS MARTINS,8,2,35416,22.59,5.65,14.12,31.06,45.18,30.12,
2023,5,DOMINGOS MARTINS,12,8,35416,33.88,22.59,22.59,14.12,31.06,22.59,
2023,6,DOMINGOS MARTINS,14,3,35416,39.53,8.47,33.88,22.59,14.12,23.53,
2023,7,DOMINGOS MARTINS,19,13,35416,53.65,36.71,39.53,33.88,22.59,32.0,31.06
2023,8,DOMINGOS MARTINS,13,8,35416,36.71,22.59,53.65,39.53,33.88,42.35,32.47
2023,9,DOMINGOS MARTINS,12,6,35416,33.88,16.94,36.71,53.65,39.53,43.3,33.41
2023,10,DOMINGOS MARTINS,20,9,35416,56.47,25.41,33.88,36.71,53.65,41.41,36.71
2023,11,DOMINGOS MARTINS,11,5,35416,31.06,14.12,56.47,33.88,36.71,42.35,42.35
2023,12,DOMINGOS MARTINS,11,9,35416,31.06,25.41,31.06,56.47,33.88,40.47,41.88
2024,1,DOMINGOS MARTINS,11,7,37972,28.97,18.43,31.06,31.06,56.47,39.53,40.47
2024,2,DOMINGOS MARTINS,11,6,37972,28.97,15.8,28.97,31.06,31.06,30.36,36.36
2024,3,DOMINGOS MARTINS,6,1,37972,15.8,2.63,28.97,28.97,31.06,29.67,35.07
2024,4,DOMINGOS MARTINS,13,7,37972,34.24,18.43,15.8,28.97,28.97,24.58,32.06
2024,5,DOMINGOS MARTINS,10,6,37972,26.34,15.8,34.24,15.8,28.97,26.34,28.35
2024,6,DOMINGOS MARTINS,13,7,37972,34.24,18.43,26.34,34.24,15.8,25.46,27.56
2024,7,DOMINGOS MARTINS,11,5,37972,28.97,13.17,34.24,26.34,34.24,31.61,28.09
2024,8,DOMINGOS MARTINS,15,6,37972,39.5,15.8,28.97,34.24,26.34,29.85,28.09
2024,9,DOMINGOS MARTINS,10,4,37972,26.34,10.53,39.5,28.97,34.24,34.24,29.85
2024,10,DOMINGOS MARTINS,10,3,37972,26.34,7.9,26.34,39.5,28.97,31.6,31.6
2024,11,DOMINGOS MARTINS,15,8,37972,39.5,21.07,26.34,26.34,39.5,30.73,30.29
2024,12,DOMINGOS MARTINS,14,10,37972,36.87,26.34,39.5,26.34,26.34,30.73,32.48
2025,1,DOMINGOS MARTINS,14,8,38236,36.61,20.92,36.87,39.5,26.34,34.24,32.92
2025,2,DOMINGOS MARTINS,12,8,38236,31.38,20.92,36.61,36.87,39.5,37.66,34.19
2025,3,DOMINGOS MARTINS,20,11,38236,52.31,28.77,31.38,36.61,36.87,34.95,32.84
2025,4,DOMINGOS MARTINS,11,5,38236,28.77,13.08,52.31,31.38,36.61,40.1,37.17
2025,5,DOMINGOS MARTINS,15,6,38236,39.23,15.69,28.77,52.31,31.38,37.49,37.57
2025,6,DOMINGOS MARTINS,11,5,38236,28.77,13.08,39.23,28.77,52.31,40.1,37.53
2025,7,DOMINGOS MARTINS,14,9,38236,36.61,23.54,28.77,39.23,28.77,32.26,36.18
2025,8,DOMINGOS MARTINS,18,11,38236,47.08,28.77,36.61,28.77,39.23,34.87,36.18
2025,9,DOMINGOS MARTINS,9,8,38236,23.54,20.92,47.08,36.61,28.77,37.49,38.79
2025,10,DOMINGOS MARTINS,12,10,38236,31.38,26.15,23.54,47.08,36.61,35.74,34.0
2025,11,DOMINGOS MARTINS,14,5,38236,36.61,13.08,31.38,23.54,47.08,34.0,34.43
2025,12,DOMINGOS MARTINS,10,5,38236,26.15,13.08,36.61,31.38,23.54,30.51,34.0
2023,1,DORES DO RIO PRETO,0,0,6596,0.0,0.0,,,,,
2023,2,DORES DO RIO PRETO,4,2,6596,60.64,30.32,0.0,,,,
2023,3,DORES DO RIO PRETO,1,1,6596,15.16,15.16,60.64,0.0,,,
2023,4,DORES DO RIO PRETO,3,1,6596,45.48,15.16,15.16,60.64,0.0,25.27,
2023,5,DORES DO RIO PRETO,1,1,6596,15.16,15.16,45.48,15.16,60.64,40.43,
2023,6,DORES DO RIO PRETO,7,5,6596,106.12,75.8,15.16,45.48,15.16,25.27,
2023,7,DORES DO RIO PRETO,3,1,6596,45.48,15.16,106.12,15.16,45.48,55.59,40.43
2023,8,DORES DO RIO PRETO,5,3,6596,75.8,45.48,45.48,106.12,15.16,55.59,48.01
2023,9,DORES DO RIO PRETO,2,2,6596,30.32,30.32,75.8,45.48,106.12,75.8,50.53
2023,10,DORES DO RIO PRETO,6,4,6596,90.96,60.64,30.32,75.8,45.48,50.53,53.06
2023,11,DORES DO RIO PRETO,1,1,6596,15.16,15.16,90.96,30.32,75.8,65.69,60.64
2023,12,DORES DO RIO PRETO,3,1,6596,45.48,15.16,15.16,90.96,30.32,45.48,60.64
2024,1,DORES DO RIO PRETO,10,7,6885,145.24,101.67,45.48,15.16,90.96,50.53,50.53
2024,2,DORES DO RIO PRETO,5,2,6885,72.62,29.05,145.24,45.48,15.16,68.63,67.16
2024,3,DORES DO RIO PRETO,4,2,6885,58.1,29.05,72.62,145.24,45.48,87.78,66.63
2024,4,DORES DO RIO PRETO,2,0,6885,29.05,0.0,58.1,72.62,145.24,91.99,71.26
2024,5,DORES DO RIO PRETO,2,0,6885,29.05,0.0,29.05,58.1,72.62,53.26,60.94
2024,6,DORES DO RIO PRETO,4,2,6885,58.1,29.05,29.05,29.05,58.1,38.73,63.26
2024,7,DORES DO RIO PRETO,6,2,6885,87.15,29.05,58.1,29.05,29.05,38.73,65.36
2024,8,DORES DO RIO PRETO,3,1,6885,43.57,14.52,87.15,58.1,29.05,58.1,55.68
2024,9,DORES DO RIO PRETO,3,1,6885,43.57,14.52,43.57,87.15,58.1,62.94,50.84
2024,10,DORES DO RIO PRETO,4,0,6885,58.1,0.0,43.57,43.57,87.15,58.1,48.42
2024,11,DORES DO RIO PRETO,1,0,6885,14.52,0.0,58.1,43.57,43.57,48.41,53.26
2024,12,DORES DO RIO PRETO,7,3,6885,101.67,43.57,14.52,58.1,43.57,38.73,50.84
2025,1,DORES DO RIO PRETO,4,3,6902,57.95,43.47,101.67,14.52,58.1,58.1,58.1
2025,2,DORES DO RIO PRETO,6,5,6902,86.93,72.44,57.95,101.67,14.52,58.05,53.23
2025,3,DORES DO RIO PRETO,4,2,6902,57.95,28.98,86.93,57.95,101.67,82.18,60.46
2025,4,DORES DO RIO PRETO,5,3,6902,72.44,43.47,57.95,86.93,57.95,67.61,62.85
2025,5,DORES DO RIO PRETO,2,1,6902,28.98,14.49,72.44,57.95,86.93,72.44,65.24
2025,6,DORES DO RIO PRETO,2,1,6902,28.98,14.49,28.98,72.44,57.95,53.12,67.65
2025,7,DORES DO RIO PRETO,1,1,6902,14.49,14.49,28.98,28.98,72.44,43.47,55.54
2025,8,DORES DO RIO PRETO,2,0,6902,28.98,0.0,14.49,28.98,28.98,24.15,48.29
2025,9,DORES DO RIO PRETO,1,1,6902,14.49,14.49,28.98,14.49,28.98,24.15,38.64
2025,10,DORES DO RIO PRETO,12,2,6902,173.86,28.98,14.49,28.98,14.49,19.32,31.39
2025,11,DORES DO RIO PRETO,10,3,6902,144.89,43.47,173.86,14.49,28.98,72.44,48.3
2025,12,DORES DO RIO PRETO,6,2,6902,86.93,28.98,144.89,173.86,14.49,111.08,67.61
2023,1,ECOPORANGA,10,4,21992,45.47,18.19,,,,,
2023,2,ECOPORANGA,6,3,21992,27.28,13.64,45.47,,,,
2023,3,ECOPORANGA,13,7,21992,59.11,31.83,27.28,45.47,,,
2023,4,ECOPORANGA,5,3,21992,22.74,13.64,59.11,27.28,45.47,43.95,
2023,5,ECOPORANGA,7,3,21992,31.83,13.64,22.74,59.11,27.28,36.38,
2023,6,ECOPORANGA,13,6,21992,59.11,27.28,31.83,22.74,59.11,37.89,
2023,7,ECOPORANGA,7,3,21992,31.83,13.64,59.11,31.83,22.74,37.89,40.92
2023,8,ECOPORANGA,5,3,21992,22.74,13.64,31.83,59.11,31.83,40.92,38.65
2023,9,ECOPORANGA,13,9,21992,59.11,40.92,22.74,31.83,59.11,37.89,37.89
2023,10,ECOPORANGA,15,12,21992,68.21,54.57,59.11,22.74,31.83,37.89,37.89
2023,11,ECOPORANGA,11,9,21992,50.02,40.92,68.21,59.11,22.74,50.02,45.47
2023,12,ECOPORANGA,6,3,21992,27.28,13.64,50.02,68.21,59.11,59.11,48.5
2024,1,ECOPORANGA,9,6,22670,39.7,26.47,27.28,50.02,68.21,48.5,43.2
2024,2,ECOPORANGA,8,6,22670,35.29,26.47,39.7,27.28,50.02,39.0,44.51
2024,3,ECOPORANGA,2,1,22670,8.82,4.41,35.29,39.7,27.28,34.09,46.6
2024,4,ECOPORANGA,3,0,22670,13.23,0.0,8.82,35.29,39.7,27.94,38.22
2024,5,ECOPORANGA,9,0,22670,39.7,0.0,13.23,8.82,35.29,19.11,29.06
2024,6,ECOPORANGA,13,6,22670,57.34,26.47,39.7,13.23,8.82,20.58,27.34
2024,7,ECOPORANGA,10,4,22670,44.11,17.64,57.34,39.7,13.23,36.76,32.35
2024,8,ECOPORANGA,3,1,22670,13.23,4.41,44.11,57.34,39.7,47.05,33.08
2024,9,ECOPORANGA,8,5,22670,35.29,22.06,13.23,44.11,57.34,38.23,29.4
2024,10,ECOPORANGA,6,3,22670,26.47,13.23,35.29,13.23,44.11,30.88,33.82
2024,11,ECOPORANGA,6,4,22670,26.47,17.64,26.47,35.29,13.23,25.0,36.02
2024,12,ECOPORANGA,12,10,22670,52.93,44.11,26.47,26.47,35.29,29.41,33.82
2025,1,ECOPORANGA,5,4,22611,22.11,17.69,52.93,26.47,26.47,35.29,33.08
2025,2,ECOPORANGA,6,2,22611,26.54,8.85,22.11,52.93,26.47,33.84,29.42
2025,3,ECOPORANGA,5,3,22611,22.11,13.27,26.54,22.11,52.93,33.86,31.64
2025,4,ECOPORANGA,7,4,22611,30.96,17.69,22.11,26.54,22.11,23.59,29.44
2025,5,ECOPORANGA,14,7,22611,61.92,30.96,30.96,22.11,26.54,26.54,30.19
2025,6,ECOPORANGA,14,9,22611,61.92,39.8,61.92,30.96,22.11,38.33,36.1
2025,7,ECOPORANGA,11,9,22611,48.65,39.8,61.92,61.92,30.96,51.6,37.59
2025,8,ECOPORANGA,10,9,22611,44.23,39.8,48.65,61.92,61.92,57.5,42.02
2025,9,ECOPORANGA,10,7,22611,44.23,30.96,44.23,48.65,61.92,51.6,44.96
2025,10,ECOPORANGA,18,12,22611,79.61,53.07,44.23,44.23,48.65,45.7,48.65
2025,11,ECOPORANGA,4,1,22611,17.69,4.42,79.61,44.23,44.23,56.02,56.76
2025,12,ECOPORANGA,7,6,22611,30.96,26.54,17.69,79.61,44.23,47.18,49.39
2023,1,FUNDAO,16,5,18014,88.82,27.76,,,,,
2023,2,FUNDAO,11,5,18014,61.06,27.76,88.82,,,,
2023,3,FUNDAO,17,6,18014,94.37,33.31,61.06,88.82,,,
2023,4,FUNDAO,12,4,18014,66.61,22.2,94.37,61.06,88.82,81.42,
2023,5,FUNDAO,20,8,18014,111.02,44.41,66.61,94.37,61.06,74.01,
2023,6,FUNDAO,14,2,18014,77.72,11.1,111.02,66.61,94.37,90.67,
2023,7,FUNDAO,12,6,18014,66.61,33.31,77.72,111.02,66.61,85.12,83.27
2023,8,FUNDAO,4,0,18014,22.2,0.0,66.61,77.72,111.02,85.12,79.56
2023,9,FUNDAO,15,7,18014,83.27,38.86,22.2,66.61,77.72,55.51,73.09
2023,10,FUNDAO,11,4,18014,61.06,22.2,83.27,22.2,66.61,57.36,71.24
2023,11,FUNDAO,7,1,18014,38.86,5.55,61.06,83.27,22.2,55.51,70.31
2023,12,FUNDAO,8,4,18014,44.41,22.2,38.86,61.06,83.27,61.06,58.29
2024,1,FUNDAO,12,0,18824,63.75,0.0,44.41,38.86,61.06,48.11,52.73
2024,2,FUNDAO,16,5,18824,85.0,26.56,63.75,44.41,38.86,49.01,52.26
2024,3,FUNDAO,17,7,18824,90.31,37.19,85.0,63.75,44.41,64.39,62.72
2024,4,FUNDAO,15,2,18824,79.69,10.62,90.31,85.0,63.75,79.69,63.9
2024,5,FUNDAO,16,4,18824,85.0,21.25,79.69,90.31,85.0,85.0,67.0
2024,6,FUNDAO,16,7,18824,85.0,37.19,85.0,79.69,90.31,85.0,74.69
2024,7,FUNDAO,8,1,18824,42.5,5.31,85.0,85.0,79.69,83.23,81.46
2024,8,FUNDAO,9,2,18824,47.81,10.62,42.5,85.0,85.0,70.83,77.92
2024,9,FUNDAO,13,9,18824,69.06,47.81,47.81,42.5,85.0,58.44,71.72
2024,10,FUNDAO,11,3,18824,58.44,15.94,69.06,47.81,42.5,53.12,68.18
2024,11,FUNDAO,7,5,18824,37.19,26.56,58.44,69.06,47.81,58.44,64.64
2024,12,FUNDAO,13,4,18824,69.06,21.25,37.19,58.44,69.06,54.9,56.67
2025,1,FUNDAO,12,5,18898,63.5,26.46,69.06,37.19,58.44,54.9,54.01
2025,2,FUNDAO,10,6,18898,52.92,31.75,63.5,69.06,37.19,56.58,57.51
2025,3,FUNDAO,15,9,18898,79.37,47.62,52.92,63.5,69.06,61.83,58.36
2025,4,FUNDAO,21,13,18898,111.12,68.79,79.37,52.92,63.5,65.26,60.08
2025,5,FUNDAO,18,9,18898,95.25,47.62,111.12,79.37,52.92,81.14,68.86
2025,6,FUNDAO,10,3,18898,52.92,15.87,95.25,111.12,79.37,95.25,78.54
2025,7,FUNDAO,14,8,18898,74.08,42.33,52.92,95.25,111.12,86.43,75.85
2025,8,FUNDAO,16,8,18898,84.67,42.33,74.08,52.92,95.25,74.08,77.61
2025,9,FUNDAO,19,10,18898,100.54,52.92,84.67,74.08,52.92,70.56,82.9
2025,10,FUNDAO,17,10,18898,89.96,52.92,100.54,84.67,74.08,86.43,86.43
2025,11,FUNDAO,13,6,18898,68.79,31.75,89.96,100.54,84.67,91.72,82.9
2025,12,FUNDAO,15,6,18898,79.37,31.75,68.79,89.96,100.54,86.43,78.49
2023,1,GOVERNADOR LINDENBERG,2,0,11009,18.17,0.0,,,,,
2023,2,GOVERNADOR LINDENBERG,1,0,11009,9.08,0.0,18.17,,,,
2023,3,GOVERNADOR LINDENBERG,1,1,11009,9.08,9.08,9.08,18.17,,,
2023,4,GOVERNADOR LINDENBERG,2,1,11009,18.17,9.08,9.08,9.08,18.17,12.11,
2023,5,GOVERNADOR LINDENBERG,3,1,11009,27.25,9.08,18.17,9.08,9.08,12.11,
2023,6,GOVERNADOR LINDENBERG,3,2,11009,27.25,18.17,27.25,18.17,9.08,18.17,
2023,7,GOVERNADOR LINDENBERG,6,2,11009,54.5,18.17,27.25,27.25,18.17,24.22,18.17
2023,8,GOVERNADOR LINDENBERG,1,1,11009,9.08,9.08,54.5,27.25,27.25,36.33,24.22
2023,9,GOVERNADOR LINDENBERG,3,1,11009,27.25,9.08,9.08,54.5,27.25,30.28,24.22
2023,10,GOVERNADOR LINDENBERG,2,0,11009,18.17,0.0,27.25,9.08,54.5,30.28,27.25
2023,11,GOVERNADOR LINDENBERG,1,0,11009,9.08,0.0,18.17,27.25,9.08,18.17,27.25
2023,12,GOVERNADOR LINDENBERG,1,0,11009,9.08,0.0,9.08,18.17,27.25,18.17,24.22
2024,1,GOVERNADOR LINDENBERG,1,0,11467,8.72,0.0,9.08,9.08,18.17,12.11,21.19
2024,2,GOVERNADOR LINDENBERG,2,1,11467,17.44,8.72,8.72,9.08,9.08,8.96,13.56
2024,3,GOVERNADOR LINDENBERG,1,1,11467,8.72,8.72,17.44,8.72,9.08,11.75,14.96
2024,4,GOVERNADOR LINDENBERG,1,0,11467,8.72,0.0,8.72,17.44,8.72,11.63,11.87
2024,5,GOVERNADOR LINDENBERG,0,0,11467,0.0,0.0,8.72,8.72,17.44,11.63,10.29
2024,6,GOVERNADOR LINDENBERG,2,0,11467,17.44,0.0,0.0,8.72,8.72,5.81,8.78
2024,7,GOVERNADOR LINDENBERG,4,1,11467,34.88,8.72,17.44,0.0,8.72,8.72,10.17
2024,8,GOVERNADOR LINDENBERG,3,1,11467,26.16,8.72,34.88,17.44,0.0,17.44,14.53
2024,9,GOVERNADOR LINDENBERG,0,0,11467,0.0,0.0,26.16,34.88,17.44,26.16,15.99
2024,10,GOVERNADOR LINDENBERG,1,0,11467,8.72,0.0,0.0,26.16,34.88,20.35,14.53
2024,11,GOVERNADOR LINDENBERG,5,1,11467,43.6,8.72,8.72,0.0,26.16,11.63,14.53
2024,12,GOVERNADOR LINDENBERG,6,0,11467,52.32,0.0,43.6,8.72,0.0,17.44,21.8
2025,1,GOVERNADOR LINDENBERG,2,0,11484,17.42,0.0,52.32,43.6,8.72,34.88,27.61
2025,2,GOVERNADOR LINDENBERG,1,1,11484,8.71,8.71,17.42,52.32,43.6,37.78,24.7
2025,3,GOVERNADOR LINDENBERG,2,1,11484,17.42,8.71,8.71,17.42,52.32,26.15,21.8
2025,4,GOVERNADOR LINDENBERG,4,1,11484,34.83,8.71,17.42,8.71,17.42,14.52,24.7
2025,5,GOVERNADOR LINDENBERG,6,4,11484,52.25,34.83,34.83,17.42,8.71,20.32,29.05
2025,6,GOVERNADOR LINDENBERG,2,0,11484,17.42,0.0,52.25,34.83,17.42,34.83,30.49
2025,7,GOVERNADOR LINDENBERG,9,4,11484,78.37,34.83,17.42,52.25,34.83,34.83,24.68
2025,8,GOVERNADOR LINDENBERG,9,4,11484,78.37,34.83,78.37,17.42,52.25,49.35,34.83
2025,9,GOVERNADOR LINDENBERG,10,2,11484,87.08,17.42,78.37,78.37,17.42,58.05,46.44
2025,10,GOVERNADOR LINDENBERG,1,0,11484,8.71,0.0,87.08,78.37,78.37,81.27,58.05
2025,11,GOVERNADOR LINDENBERG,2,1,11484,17.42,8.71,8.71,87.08,78.37,58.05,53.7
2025,12,GOVERNADOR LINDENBERG,4,2,11484,34.83,17.42,17.42,8.71,87.08,37.74,47.9
2023,1,GUACUI,13,6,29358,44.28,20.44,,,,,
2023,2,GUACUI,17,12,29358,57.91,40.87,44.28,,,,
2023,3,GUACUI,15,6,29358,51.09,20.44,57.91,44.28,,,
2023,4,GUACUI,12,7,29358,40.87,23.84,51.09,57.91,44.28,51.09,
2023,5,GUACUI,22,9,29358,74.94,30.66,40.87,51.09,57.91,49.96,
2023,6,GUACUI,17,11,29358,57.91,37.47,74.94,40.87,51.09,55.63,
2023,7,GUACUI,21,11,29358,71.53,37.47,57.91,74.94,40.87,57.91,54.5
2023,8,GUACUI,22,15,29358,74.94,51.09,71.53,57.91,74.94,68.13,59.04
2023,9,GUACUI,16,9,29358,54.5,30.66,74.94,71.53,57.91,68.13,61.88
2023,10,GUACUI,23,16,29358,78.34,54.5,54.5,74.94,71.53,66.99,62.45
2023,11,GUACUI,17,11,29358,57.91,37.47,78.34,54.5,74.94,69.26,68.69
2023,12,GUACUI,19,12,29358,64.72,40.87,57.91,78.34,54.5,63.58,65.86
2024,1,GUACUI,32,18,31290,102.27,57.53,64.72,57.91,78.34,66.99,66.99
2024,2,GUACUI,22,14,31290,70.31,44.74,102.27,64.72,57.91,74.97,72.11
2024,3,GUACUI,20,16,31290,63.92,51.13,70.31,102.27,64.72,79.1,71.34
2024,4,GUACUI,10,5,31290,31.96,15.98,63.92,70.31,102.27,78.83,72.91
2024,5,GUACUI,16,10,31290,51.13,31.96,31.96,63.92,70.31,55.4,65.18
2024,6,GUACUI,26,19,31290,83.09,60.72,51.13,31.96,63.92,49.0,64.05
2024,7,GUACUI,12,9,31290,38.35,28.76,83.09,51.13,31.96,55.39,67.11
2024,8,GUACUI,25,22,31290,79.9,70.31,38.35,83.09,51.13,57.52,56.46
2024,9,GUACUI,26,16,31290,83.09,51.13,79.9,38.35,83.09,67.11,58.06
2024,10,GUACUI,19,13,31290,60.72,41.55,83.09,79.9,38.35,67.11,61.25
2024,11,GUACUI,17,9,31290,54.33,28.76,60.72,83.09,79.9,74.57,66.05
2024,12,GUACUI,17,14,31290,54.33,44.74,54.33,60.72,83.09,66.05,66.58
2025,1,GUACUI,16,9,31418,50.93,28.65,54.33,54.33,60.72,56.46,61.79
2025,2,GUACUI,13,5,31418,41.38,15.91,50.93,54.33,54.33,53.2,63.88
2025,3,GUACUI,27,10,31418,85.94,31.83,41.38,50.93,54.33,48.88,57.46
2025,4,GUACUI,25,9,31418,79.57,28.65,85.94,41.38,50.93,59.42,57.94
2025,5,GUACUI,24,14,31418,76.39,44.56,79.57,85.94,41.38,68.96,61.08
2025,6,GUACUI,28,15,31418,89.12,47.74,76.39,79.57,85.94,80.63,64.76
2025,7,GUACUI,28,23,31418,89.12,73.21,89.12,76.39,79.57,81.69,70.56
2025,8,GUACUI,27,17,31418,85.94,54.11,89.12,89.12,76.39,84.88,76.92
2025,9,GUACUI,17,11,31418,54.11,35.01,85.94,89.12,89.12,88.06,84.35
2025,10,GUACUI,37,27,31418,117.77,85.94,54.11,85.94,89.12,76.39,79.04
2025,11,GUACUI,50,35,31418,159.14,111.4,117.77,54.11,85.94,85.94,85.41
2025,12,GUACUI,30,18,31418,95.49,57.29,159.14,117.77,54.11,110.34,99.2
2023,1,GUARAPARI,161,49,124656,129.16,39.31,,,,,
2023,2,GUARAPARI,103,43,124656,82.63,34.49,129.16,,,,
2023,3,GUARAPARI,152,50,124656,121.94,40.11,82.63,129.16,,,
2023,4,GUARAPARI,111,37,124656,89.05,29.68,121.94,82.63,129.16,111.24,
2023,5,GUARAPARI,125,50,124656,100.28,40.11,89.05,121.94,82.63,97.87,
2023,6,GUARAPARI,99,46,124656,79.42,36.9,100.28,89.05,121.94,103.76,
2023,7,GUARAPARI,105,36,124656,84.23,28.88,79.42,100.28,89.05,89.58,100.41
2023,8,GUARAPARI,117,47,124656,93.86,37.7,84.23,79.42,100.28,87.98,92.93
2023,9,GUARAPARI,125,55,124656,100.28,44.12,93.86,84.23,79.42,85.84,94.8
2023,10,GUARAPARI,133,55,124656,106.69,44.12,100.28,93.86,84.23,92.79,91.19
2023,11,GUARAPARI,143,65,124656,114.72,52.14,106.69,100.28,93.86,100.28,94.13
2023,12,GUARAPARI,152,60,124656,121.94,48.13,114.72,106.69,100.28,107.23,96.53
2024,1,GUARAPARI,172,70,134944,127.46,51.87,121.94,114.72,106.69,114.45,103.62
2024,2,GUARAPARI,154,47,134944,114.12,34.83,127.46,121.94,114.72,121.37,110.82
2024,3,GUARAPARI,151,60,134944,111.9,44.46,114.12,127.46,121.94,121.17,114.2
2024,4,GUARAPARI,153,65,134944,113.38,48.17,111.9,114.12,127.46,117.83,116.14
2024,5,GUARAPARI,143,64,134944,105.97,47.43,113.38,111.9,114.12,113.13,117.25
2024,6,GUARAPARI,140,65,134944,103.75,48.17,105.97,113.38,111.9,110.42,115.8
2024,7,GUARAPARI,156,50,134944,115.6,37.05,103.75,105.97,113.38,107.7,112.76
2024,8,GUARAPARI,183,83,134944,135.61,61.51,115.6,103.75,105.97,108.44,110.79
2024,9,GUARAPARI,169,82,134944,125.24,60.77,135.61,115.6,103.75,118.32,114.37
2024,10,GUARAPARI,179,82,134944,132.65,60.77,125.24,135.61,115.6,125.48,116.59
2024,11,GUARAPARI,129,49,134944,95.6,36.31,132.65,125.24,135.61,131.17,119.8
2024,12,GUARAPARI,160,81,134944,118.57,60.02,95.6,132.65,125.24,117.83,118.07
2025,1,GUARAPARI,171,87,136311,125.45,63.82,118.57,95.6,132.65,115.61,120.54
2025,2,GUARAPARI,174,90,136311,127.65,66.03,125.45,118.57,95.6,113.21,122.19
2025,3,GUARAPARI,169,78,136311,123.98,57.22,127.65,125.45,118.57,123.89,120.86
2025,4,GUARAPARI,178,88,136311,130.58,64.56,123.98,127.65,125.45,125.69,120.65
2025,5,GUARAPARI,187,83,136311,137.19,60.89,130.58,123.98,127.65,127.4,120.3
2025,6,GUARAPARI,173,87,136311,126.92,63.82,137.19,130.58,123.98,130.58,127.24
2025,7,GUARAPARI,204,113,136311,149.66,82.9,126.92,137.19,130.58,131.56,128.63
2025,8,GUARAPARI,170,88,136311,124.71,64.56,149.66,126.92,137.19,137.92,132.66
2025,9,GUARAPARI,187,101,136311,137.19,74.1,124.71,149.66,126.92,133.76,132.17
2025,10,GUARAPARI,225,115,136311,165.06,84.37,137.19,124.71,149.66,137.19,134.38
2025,11,GUARAPARI,152,75,136311,111.51,55.02,165.06,137.19,124.71,142.32,140.12
2025,12,GUARAPARI,145,64,136311,106.37,46.95,111.51,165.06,137.19,137.92,135.84
2023,1,IBATIBA,22,6,25380,86.68,23.64,,,,,
2023,2,IBATIBA,14,1,25380,55.16,3.94,86.68,,,,
2023,3,IBATIBA,18,2,25380,70.92,7.88,55.16,86.68,,,
2023,4,IBATIBA,14,2,25380,55.16,7.88,70.92,55.16,86.68,70.92,
2023,5,IBATIBA,9,1,25380,35.46,3.94,55.16,70.92,55.16,60.41,
2023,6,IBATIBA,17,3,25380,66.98,11.82,35.46,55.16,70.92,53.85,
2023,7,IBATIBA,18,4,25380,70.92,15.76,66.98,35.46,55.16,52.53,61.73
2023,8,IBATIBA,15,2,25380,59.1,7.88,70.92,66.98,35.46,57.79,59.1
2023,9,IBATIBA,18,4,25380,70.92,15.76,59.1,70.92,66.98,65.67,59.76
2023,10,IBATIBA,13,4,25380,51.22,15.76,70.92,59.1,70.92,66.98,59.76
2023,11,IBATIBA,7,2,25380,27.58,7.88,51.22,70.92,59.1,60.41,59.1
2023,12,IBATIBA,18,4,25380,70.92,15.76,27.58,51.22,70.92,49.91,57.79
2024,1,IBATIBA,15,3,27308,54.93,10.99,70.92,27.58,51.22,49.91,58.44
2024,2,IBATIBA,17,4,27308,62.25,14.65,54.93,70.92,27.58,51.14,55.78
2024,3,IBATIBA,12,6,27308,43.94,21.97,62.25,54.93,70.92,62.7,56.3
2024,4,IBATIBA,13,5,27308,47.61,18.31,43.94,62.25,54.93,53.71,51.81
2024,5,IBATIBA,18,4,27308,65.91,14.65,47.61,43.94,62.25,51.27,51.21
2024,6,IBATIBA,16,8,27308,58.59,29.3,65.91,47.61,43.94,52.49,57.59
2024,7,IBATIBA,11,3,27308,40.28,10.99,58.59,65.91,47.61,57.37,55.54
2024,8,IBATIBA,29,11,27308,106.2,40.28,40.28,58.59,65.91,54.93,53.1
2024,9,IBATIBA,27,8,27308,98.87,29.3,106.2,40.28,58.59,68.36,60.42
2024,10,IBATIBA,15,5,27308,54.93,18.31,98.87,106.2,40.28,81.78,69.58
2024,11,IBATIBA,18,7,27308,65.91,25.63,54.93,98.87,106.2,86.67,70.8
2024,12,IBATIBA,8,0,27308,29.3,0.0,65.91,54.93,98.87,73.24,70.8
2025,1,IBATIBA,13,7,27543,47.2,25.41,29.3,65.91,54.93,50.05,65.92
2025,2,IBATIBA,8,2,27543,29.05,7.26,47.2,29.3,65.91,47.47,67.07
2025,3,IBATIBA,14,4,27543,50.83,14.52,29.05,47.2,29.3,35.18,54.21
2025,4,IBATIBA,13,5,27543,47.2,18.15,50.83,29.05,47.2,42.36,46.2
2025,5,IBATIBA,14,5,27543,50.83,18.15,47.2,50.83,29.05,42.36,44.92
2025,6,IBATIBA,20,3,27543,72.61,10.89,50.83,47.2,50.83,49.62,42.4
2025,7,IBATIBA,27,14,27543,98.03,50.83,72.61,50.83,47.2,56.88,49.62
2025,8,IBATIBA,12,4,27543,43.57,14.52,98.03,72.61,50.83,73.82,58.09
2025,9,IBATIBA,14,6,27543,50.83,21.78,43.57,98.03,72.61,71.4,60.51
2025,10,IBATIBA,21,9,27543,76.24,32.68,50.83,43.57,98.03,64.14,60.51
2025,11,IBATIBA,14,8,27543,50.83,29.05,76.24,50.83,43.57,56.88,65.35
2025,12,IBATIBA,21,10,27543,76.24,36.31,50.83,76.24,50.83,59.3,65.35
2023,1,IBIRACU,3,1,11723,25.59,8.53,,,,,
2023,2,IBIRACU,14,9,11723,119.42,76.77,25.59,,,,
2023,3,IBIRACU,6,3,11723,51.18,25.59,119.42,25.59,,,
2023,4,IBIRACU,6,3,11723,51.18,25.59,51.18,119.42,25.59,65.4,
2023,5,IBIRACU,13,5,11723,110.89,42.65,51.18,51.18,119.42,73.93,
2023,6,IBIRACU,9,1,11723,76.77,8.53,110.89,51.18,51.18,71.08,
2023,7,IBIRACU,10,6,11723,85.3,51.18,76.77,110.89,51.18,79.61,72.5
2023,8,IBIRACU,5,2,11723,42.65,17.06,85.3,76.77,110.89,90.99,82.46
2023,9,IBIRACU,13,7,11723,110.89,59.71,42.65,85.3,76.77,68.24,69.66
2023,10,IBIRACU,6,3,11723,51.18,25.59,110.89,42.65,85.3,79.61,79.61
2023,11,IBIRACU,10,4,11723,85.3,34.12,51.18,110.89,42.65,68.24,79.61
2023,12,IBIRACU,5,3,11723,42.65,25.59,85.3,51.18,110.89,82.46,75.35
2024,1,IBIRACU,8,3,12261,65.25,24.47,42.65,85.3,51.18,59.71,69.66
2024,2,IBIRACU,9,2,12261,73.4,16.31,65.25,42.65,85.3,64.4,66.32
2024,3,IBIRACU,3,2,12261,24.47,16.31,73.4,65.25,42.65,60.43,71.44
2024,4,IBIRACU,8,4,12261,65.25,32.62,24.47,73.4,65.25,54.37,57.04
2024,5,IBIRACU,7,2,12261,57.09,16.31,65.25,24.47,73.4,54.37,59.39
2024,6,IBIRACU,9,4,12261,73.4,32.62,57.09,65.25,24.47,48.94,54.68
2024,7,IBIRACU,6,3,12261,48.94,24.47,73.4,57.09,65.25,65.25,59.81
2024,8,IBIRACU,5,5,12261,40.78,40.78,48.94,73.4,57.09,59.81,57.09
2024,9,IBIRACU,7,1,12261,57.09,8.16,40.78,48.94,73.4,54.37,51.65
2024,10,IBIRACU,8,2,12261,65.25,16.31,57.09,40.78,48.94,48.94,57.09
2024,11,IBIRACU,5,4,12261,40.78,32.62,65.25,57.09,40.78,54.37,57.09
2024,12,IBIRACU,8,6,12261,65.25,48.94,40.78,65.25,57.09,54.37,54.37
2025,1,IBIRACU,8,4,12304,65.02,32.51,65.25,40.78,65.25,57.09,53.02
2025,2,IBIRACU,11,6,12304,89.4,48.76,65.02,65.25,40.78,57.02,55.7
2025,3,IBIRACU,8,4,12304,65.02,32.51,89.4,65.02,65.25,73.22,63.8
2025,4,IBIRACU,12,4,12304,97.53,32.51,65.02,89.4,65.02,73.15,65.12
2025,5,IBIRACU,6,3,12304,48.76,24.38,97.53,65.02,89.4,83.98,70.5
2025,6,IBIRACU,6,3,12304,48.76,24.38,48.76,97.53,65.02,70.44,71.83
2025,7,IBIRACU,11,4,12304,89.4,32.51,48.76,48.76,97.53,65.02,69.08
2025,8,IBIRACU,9,2,12304,73.15,16.25,89.4,48.76,48.76,62.31,73.14
2025,9,IBIRACU,15,1,12304,121.91,8.13,73.15,89.4,48.76,70.44,70.44
2025,10,IBIRACU,6,2,12304,48.76,16.25,121.91,73.15,89.4,94.82,79.92
2025,11,IBIRACU,8,4,12304,65.02,32.51,48.76,121.91,73.15,81.27,71.79
2025,12,IBIRACU,11,4,12304,89.4,32.51,65.02,48.76,121.91,78.56,74.5
2023,1,IBITIRAMA,1,1,9520,10.5,10.5,,,,,
2023,2,IBITIRAMA,1,1,9520,10.5,10.5,10.5,,,,
2023,3,IBITIRAMA,3,1,9520,31.51,10.5,10.5,10.5,,,
2023,4,IBITIRAMA,1,1,9520,10.5,10.5,31.51,10.5,10.5,17.5,
2023,5,IBITIRAMA,4,1,9520,42.02,10.5,10.5,31.51,10.5,17.5,
2023,6,IBITIRAMA,5,2,9520,52.52,21.01,42.02,10.5,31.51,28.01,
2023,7,IBITIRAMA,2,1,9520,21.01,10.5,52.52,42.02,10.5,35.01,26.26
2023,8,IBITIRAMA,3,2,9520,31.51,21.01,21.01,52.52,42.02,38.52,28.01
2023,9,IBITIRAMA,8,2,9520,84.03,21.01,31.51,21.01,52.52,35.01,31.51
2023,10,IBITIRAMA,1,1,9520,10.5,10.5,84.03,31.51,21.01,45.52,40.27
2023,11,IBITIRAMA,3,1,9520,31.51,10.5,10.5,84.03,31.51,42.01,40.27
2023,12,IBITIRAMA,4,2,9520,42.02,21.01,31.51,10.5,84.03,42.01,38.51
2024,1,IBITIRAMA,2,1,9973,20.05,10.03,42.02,31.51,10.5,28.01,36.76
2024,2,IBITIRAMA,6,3,9973,60.16,30.08,20.05,42.02,31.51,31.19,36.6
2024,3,IBITIRAMA,7,4,9973,70.19,40.11,60.16,20.05,42.02,40.74,41.38
2024,4,IBITIRAMA,5,2,9973,50.14,20.05,70.19,60.16,20.05,50.13,39.07
2024,5,IBITIRAMA,9,1,9973,90.24,10.03,50.14,70.19,60.16,60.16,45.68
2024,6,IBITIRAMA,5,1,9973,50.14,10.03,90.24,50.14,70.19,70.19,55.47
2024,7,IBITIRAMA,7,4,9973,70.19,40.11,50.14,90.24,50.14,63.51,56.82
2024,8,IBITIRAMA,9,2,9973,90.24,20.05,70.19,50.14,90.24,70.19,65.18
2024,9,IBITIRAMA,8,3,9973,80.22,30.08,90.24,70.19,50.14,70.19,70.19
2024,10,IBITIRAMA,6,2,9973,60.16,20.05,80.22,90.24,70.19,80.22,71.86
2024,11,IBITIRAMA,8,4,9973,80.22,40.11,60.16,80.22,90.24,76.87,73.53
2024,12,IBITIRAMA,8,3,9973,80.22,30.08,80.22,60.16,80.22,73.53,71.86
2025,1,IBITIRAMA,4,3,10015,39.94,29.96,80.22,80.22,60.16,73.53,76.88
2025,2,IBITIRAMA,0,0,10015,0.0,0.0,39.94,80.22,80.22,66.79,71.83
2025,3,IBITIRAMA,7,3,10015,69.9,29.96,0.0,39.94,80.22,40.05,56.79
2025,4,IBITIRAMA,4,0,10015,39.94,0.0,69.9,0.0,39.94,36.61,55.07
2025,5,IBITIRAMA,7,1,10015,69.9,9.99,39.94,69.9,0.0,36.61,51.7
2025,6,IBITIRAMA,6,3,10015,59.91,29.96,69.9,39.94,69.9,59.91,49.98
2025,7,IBITIRAMA,8,5,10015,79.88,49.93,59.91,69.9,39.94,56.58,46.6
2025,8,IBITIRAMA,1,0,10015,9.99,0.0,79.88,59.91,69.9,69.9,53.26
2025,9,IBITIRAMA,9,6,10015,89.87,59.91,9.99,79.88,59.91,49.93,54.92
2025,10,IBITIRAMA,7,1,10015,69.9,9.99,89.87,9.99,79.88,59.91,58.25
2025,11,IBITIRAMA,5,5,10015,49.93,49.93,69.9,89.87,9.99,56.59,63.24
2025,12,IBITIRAMA,7,5,10015,69.9,49.93,49.93,69.9,89.87,69.9,59.91
2023,1,ICONHA,7,4,12326,56.79,32.45,,,,,
2023,2,ICONHA,7,3,12326,56.79,24.34,56.79,,,,
2023,3,ICONHA,8,6,12326,64.9,48.68,56.79,56.79,,,
2023,4,ICONHA,3,1,12326,24.34,8.11,64.9,56.79,56.79,59.49,
2023,5,ICONHA,9,3,12326,73.02,24.34,24.34,64.9,56.79,48.68,
2023,6,ICONHA,3,2,12326,24.34,16.23,73.02,24.34,64.9,54.09,
2023,7,ICONHA,11,6,12326,89.24,48.68,24.34,73.02,24.34,40.57,50.03
2023,8,ICONHA,8,7,12326,64.9,56.79,89.24,24.34,73.02,62.2,55.44
2023,9,ICONHA,9,6,12326,73.02,48.68,64.9,89.24,24.34,59.49,56.79
2023,10,ICONHA,10,5,12326,81.13,40.56,73.02,64.9,89.24,75.72,58.14
2023,11,ICONHA,10,9,12326,81.13,73.02,81.13,73.02,64.9,73.02,67.61
2023,12,ICONHA,12,9,12326,97.36,73.02,81.13,81.13,73.02,78.43,68.96
2024,1,ICONHA,15,11,12793,117.25,85.98,97.36,81.13,81.13,86.54,81.13
2024,2,ICONHA,8,3,12793,62.53,23.45,117.25,97.36,81.13,98.58,85.8
2024,3,ICONHA,4,2,12793,31.27,15.63,62.53,117.25,97.36,92.38,85.4
2024,4,ICONHA,4,2,12793,31.27,15.63,31.27,62.53,117.25,70.35,78.45
2024,5,ICONHA,11,8,12793,85.98,62.53,31.27,31.27,62.53,41.69,70.14
2024,6,ICONHA,5,2,12793,39.08,15.63,85.98,31.27,31.27,49.51,70.94
2024,7,ICONHA,7,5,12793,54.72,39.08,39.08,85.98,31.27,52.11,61.23
2024,8,ICONHA,13,7,12793,101.62,54.72,54.72,39.08,85.98,59.93,50.81
2024,9,ICONHA,7,4,12793,54.72,31.27,101.62,54.72,39.08,65.14,57.32
2024,10,ICONHA,6,3,12793,46.9,23.45,54.72,101.62,54.72,70.35,61.23
2024,11,ICONHA,8,5,12793,62.53,39.08,46.9,54.72,101.62,67.75,63.84
2024,12,ICONHA,4,3,12793,31.27,23.45,62.53,46.9,54.72,54.72,59.93
2025,1,ICONHA,10,3,12790,78.19,23.46,31.27,62.53,46.9,46.9,58.63
2025,2,ICONHA,5,5,12790,39.09,39.09,78.19,31.27,62.53,57.33,62.54
2025,3,ICONHA,10,6,12790,78.19,46.91,39.09,78.19,31.27,49.52,52.12
2025,4,ICONHA,9,8,12790,70.37,62.55,78.19,39.09,78.19,65.16,56.03
2025,5,ICONHA,19,14,12790,148.55,109.46,70.37,78.19,39.09,62.55,59.94
2025,6,ICONHA,2,0,12790,15.64,0.0,148.55,70.37,78.19,99.04,74.28
2025,7,ICONHA,8,7,12790,62.55,54.73,15.64,148.55,70.37,78.19,71.67
2025,8,ICONHA,9,4,12790,70.37,31.27,62.55,15.64,148.55,75.58,69.06
2025,9,ICONHA,9,6,12790,70.37,46.91,70.37,62.55,15.64,49.52,74.28
2025,10,ICONHA,12,10,12790,93.82,78.19,70.37,70.37,62.55,67.76,72.98
2025,11,ICONHA,8,4,12790,62.55,31.27,93.82,70.37,70.37,78.19,76.88
2025,12,ICONHA,22,12,12790,172.01,93.82,62.55,93.82,70.37,75.58,62.55
2023,1,IRUPI,5,2,13710,36.47,14.59,,,,,
2023,2,IRUPI,5,3,13710,36.47,21.88,36.47,,,,
2023,3,IRUPI,4,3,13710,29.18,21.88,36.47,36.47,,,
2023,4,IRUPI,9,6,13710,65.65,43.76,29.18,36.47,36.47,34.04,
2023,5,IRUPI,3,2,13710,21.88,14.59,65.65,29.18,36.47,43.77,
2023,6,IRUPI,3,2,13710,21.88,14.59,21.88,65.65,29.18,38.9,
2023,7,IRUPI,13,11,13710,94.82,80.23,21.88,21.88,65.65,36.47,35.26
2023,8,IRUPI,5,3,13710,36.47,21.88,94.82,21.88,21.88,46.19,44.98
2023,9,IRUPI,11,7,13710,80.23,51.06,36.47,94.82,21.88,51.06,44.98
2023,10,IRUPI,12,8,13710,87.53,58.35,80.23,36.47,94.82,70.51,53.49
2023,11,IRUPI,7,4,13710,51.06,29.18,87.53,80.23,36.47,68.08,57.14
2023,12,IRUPI,7,3,13710,51.06,21.88,51.06,87.53,80.23,72.94,62.0
2024,1,IRUPI,9,8,14513,62.01,55.12,51.06,51.06,87.53,63.22,66.86
2024,2,IRUPI,11,7,14513,75.79,48.23,62.01,51.06,51.06,54.71,61.39
2024,3,IRUPI,13,8,14513,89.57,55.12,75.79,62.01,51.06,62.95,67.95
2024,4,IRUPI,5,4,14513,34.45,27.56,89.57,75.79,62.01,75.79,69.5
2024,5,IRUPI,9,7,14513,62.01,48.23,34.45,89.57,75.79,66.6,60.66
2024,6,IRUPI,14,7,14513,96.47,48.23,62.01,34.45,89.57,62.01,62.48
2024,7,IRUPI,10,7,14513,68.9,48.23,96.47,62.01,34.45,64.31,70.05
2024,8,IRUPI,24,21,14513,165.37,144.7,68.9,96.47,62.01,75.79,71.2
2024,9,IRUPI,14,12,14513,96.47,82.68,165.37,68.9,96.47,110.25,86.13
2024,10,IRUPI,13,7,14513,89.57,48.23,96.47,165.37,68.9,110.25,87.28
2024,11,IRUPI,11,5,14513,75.79,34.45,89.57,96.47,165.37,117.14,96.46
2024,12,IRUPI,10,6,14513,68.9,41.34,75.79,89.57,96.47,87.28,98.76
2025,1,IRUPI,4,3,14647,27.31,20.48,68.9,75.79,89.57,78.09,94.17
2025,2,IRUPI,23,13,14647,157.03,88.76,27.31,68.9,75.79,57.33,87.24
2025,3,IRUPI,8,4,14647,54.62,27.31,157.03,27.31,68.9,84.41,85.84
2025,4,IRUPI,8,2,14647,54.62,13.65,54.62,157.03,27.31,79.65,78.87
2025,5,IRUPI,8,6,14647,54.62,40.96,54.62,54.62,157.03,88.76,73.04
2025,6,IRUPI,10,5,14647,68.27,34.14,54.62,54.62,54.62,54.62,69.52
2025,7,IRUPI,14,8,14647,95.58,54.62,68.27,54.62,54.62,59.17,69.41
2025,8,IRUPI,7,2,14647,47.79,13.65,95.58,68.27,54.62,72.82,80.79
2025,9,IRUPI,7,4,14647,47.79,27.31,47.79,95.58,68.27,70.55,62.58
2025,10,IRUPI,16,12,14647,109.24,81.93,47.79,47.79,95.58,63.72,61.44
2025,11,IRUPI,17,6,14647,116.06,40.96,109.24,47.79,47.79,68.27,70.55
2025,12,IRUPI,5,3,14647,34.14,20.48,116.06,109.24,47.79,91.03,80.79
2023,1,ITAGUACU,10,8,13589,73.59,58.87,,,,,
2023,2,ITAGUACU,13,9,13589,95.67,66.23,73.59,,,,
2023,3,ITAGUACU,14,12,13589,103.02,88.31,95.67,73.59,,,
2023,4,ITAGUACU,5,5,13589,36.79,36.79,103.02,95.67,73.59,90.76,
2023,5,ITAGUACU,6,4,13589,44.15,29.44,36.79,103.02,95.67,78.49,
2023,6,ITAGUACU,12,7,13589,88.31,51.51,44.15,36.79,103.02,61.32,
2023,7,ITAGUACU,8,7,13589,58.87,51.51,88.31,44.15,36.79,56.42,73.59
2023,8,ITAGUACU,10,9,13589,73.59,66.23,58.87,88.31,44.15,63.78,71.13
2023,9,ITAGUACU,13,10,13589,95.67,73.59,73.59,58.87,88.31,73.59,67.46
2023,10,ITAGUACU,11,6,13589,80.95,44.15,95.67,73.59,58.87,76.04,66.23
2023,11,ITAGUACU,13,12,13589,95.67,88.31,80.95,95.67,73.59,83.4,73.59
2023,12,ITAGUACU,15,13,13589,110.38,95.67,95.67,80.95,95.67,90.76,82.18
2024,1,ITAGUACU,7,7,14065,49.77,49.77,110.38,95.67,80.95,95.67,85.86
2024,2,ITAGUACU,6,6,14065,42.66,42.66,49.77,110.38,95.67,85.27,84.34
2024,3,ITAGUACU,8,5,14065,56.88,35.55,42.66,49.77,110.38,67.6,79.18
2024,4,ITAGUACU,8,7,14065,56.88,49.77,56.88,42.66,49.77,49.77,72.72
2024,5,ITAGUACU,17,11,14065,120.87,78.21,56.88,56.88,42.66,52.14,68.71
2024,6,ITAGUACU,11,9,14065,78.21,63.99,120.87,56.88,56.88,78.21,72.91
2024,7,ITAGUACU,11,6,14065,78.21,42.66,78.21,120.87,56.88,85.32,67.54
2024,8,ITAGUACU,11,6,14065,78.21,42.66,78.21,78.21,120.87,92.43,72.29
2024,9,ITAGUACU,10,7,14065,71.1,49.77,78.21,78.21,78.21,78.21,78.21
2024,10,ITAGUACU,5,4,14065,35.55,28.44,71.1,78.21,78.21,75.84,80.58
2024,11,ITAGUACU,11,8,14065,78.21,56.88,35.55,71.1,78.21,61.62,77.02
2024,12,ITAGUACU,8,5,14065,56.88,35.55,78.21,35.55,71.1,61.62,69.91
2025,1,ITAGUACU,9,4,14042,64.09,28.49,56.88,78.21,35.55,56.88,66.36
2025,2,ITAGUACU,9,2,14042,64.09,14.24,64.09,56.88,78.21,66.39,64.01
2025,3,ITAGUACU,9,5,14042,64.09,35.61,64.09,64.09,56.88,61.69,61.65
2025,4,ITAGUACU,8,4,14042,56.97,28.49,64.09,64.09,64.09,64.09,60.49
2025,5,ITAGUACU,13,7,14042,92.58,49.85,56.97,64.09,64.09,61.72,64.06
2025,6,ITAGUACU,5,4,14042,35.61,28.49,92.58,56.97,64.09,71.21,66.45
2025,7,ITAGUACU,9,2,14042,64.09,14.24,35.61,92.58,56.97,61.72,62.91
2025,8,ITAGUACU,10,4,14042,71.21,28.49,64.09,35.61,92.58,64.09,62.9
2025,9,ITAGUACU,12,6,14042,85.46,42.73,71.21,64.09,35.61,56.97,64.09
2025,10,ITAGUACU,11,8,14042,78.34,56.97,85.46,71.21,64.09,73.59,67.65
2025,11,ITAGUACU,9,5,14042,64.09,35.61,78.34,85.46,71.21,78.34,71.21
2025,12,ITAGUACU,8,5,14042,56.97,35.61,64.09,78.34,85.46,75.96,66.47
2023,1,ITAPEMIRIM,36,25,39832,90.38,62.76,,,,,
2023,2,ITAPEMIRIM,32,16,39832,80.34,40.17,90.38,,,,
2023,3,ITAPEMIRIM,23,14,39832,57.74,35.15,80.34,90.38,,,
2023,4,ITAPEMIRIM,32,17,39832,80.34,42.68,57.74,80.34,90.38,76.15,
2023,5,ITAPEMIRIM,32,17,39832,80.34,42.68,80.34,57.74,80.34,72.81,
2023,6,ITAPEMIRIM,28,15,39832,70.3,37.66,80.34,80.34,57.74,72.81,
2023,7,ITAPEMIRIM,30,18,39832,75.32,45.19,70.3,80.34,80.34,76.99,76.57
2023,8,ITAPEMIRIM,22,8,39832,55.23,20.08,75.32,70.3,80.34,75.32,74.06
2023,9,ITAPEMIRIM,36,24,39832,90.38,60.25,55.23,75.32,70.3,66.95,69.88
2023,10,ITAPEMIRIM,41,22,39832,102.93,55.23,90.38,55.23,75.32,73.64,75.32
2023,11,ITAPEMIRIM,26,14,39832,65.27,35.15,102.93,90.38,55.23,82.85,79.08
2023,12,ITAPEMIRIM,36,17,39832,90.38,42.68,65.27,102.93,90.38,86.19,76.57
2024,1,ITAPEMIRIM,47,29,43362,108.39,66.88,90.38,65.27,102.93,86.19,79.92
2024,2,ITAPEMIRIM,45,30,43362,103.78,69.19,108.39,90.38,65.27,88.01,85.43
2024,3,ITAPEMIRIM,36,21,43362,83.02,48.43,103.78,108.39,90.38,100.85,93.52
2024,4,ITAPEMIRIM,28,15,43362,64.57,34.59,83.02,103.78,108.39,98.4,92.3
2024,5,ITAPEMIRIM,35,23,43362,80.72,53.04,64.57,83.02,103.78,83.79,85.9
2024,6,ITAPEMIRIM,35,23,43362,80.72,53.04,80.72,64.57,83.02,76.1,88.48
2024,7,ITAPEMIRIM,38,18,43362,87.63,41.51,80.72,80.72,64.57,75.34,86.87
2024,8,ITAPEMIRIM,53,32,43362,122.23,73.8,87.63,80.72,80.72,83.02,83.41
2024,9,ITAPEMIRIM,32,23,43362,73.8,53.04,122.23,87.63,80.72,96.86,86.48
2024,10,ITAPEMIRIM,45,32,43362,103.78,73.8,73.8,122.23,87.63,94.55,84.94
2024,11,ITAPEMIRIM,26,19,43362,59.96,43.82,103.78,73.8,122.23,99.94,91.48
2024,12,ITAPEMIRIM,34,17,43362,78.41,39.2,59.96,103.78,73.8,79.18,88.02
2025,1,ITAPEMIRIM,69,32,44020,156.75,72.69,78.41,59.96,103.78,80.72,87.64
2025,2,ITAPEMIRIM,40,18,44020,90.87,40.89,156.75,78.41,59.96,98.37,99.16
2025,3,ITAPEMIRIM,39,17,44020,88.6,38.62,90.87,156.75,78.41,108.68,93.93
2025,4,ITAPEMIRIM,38,22,44020,86.32,49.98,88.6,90.87,156.75,112.07,96.4
2025,5,ITAPEMIRIM,42,27,44020,95.41,61.34,86.32,88.6,90.87,88.6,93.48
2025,6,ITAPEMIRIM,43,21,44020,97.68,47.71,95.41,86.32,88.6,90.11,99.39
2025,7,ITAPEMIRIM,56,30,44020,127.21,68.15,97.68,95.41,86.32,93.14,102.6
2025,8,ITAPEMIRIM,54,29,44020,122.67,65.88,127.21,97.68,95.41,106.77,97.68
2025,9,ITAPEMIRIM,41,25,44020,93.14,56.79,122.67,127.21,97.68,115.85,102.98
2025,10,ITAPEMIRIM,46,21,44020,104.5,47.71,93.14,122.67,127.21,114.34,103.74
2025,11,ITAPEMIRIM,37,25,44020,84.05,56.79,104.5,93.14,122.67,106.77,106.77
2025,12,ITAPEMIRIM,26,9,44020,59.06,20.45,84.05,104.5,93.14,93.9,104.88
2023,1,ITARANA,1,1,10597,9.44,9.44,,,,,
2023,2,ITARANA,3,0,10597,28.31,0.0,9.44,,,,
2023,3,ITARANA,2,1,10597,18.87,9.44,28.31,9.44,,,
2023,4,ITARANA,6,4,10597,56.62,37.75,18.87,28.31,9.44,18.87,
2023,5,ITARANA,5,2,10597,47.18,18.87,56.62,18.87,28.31,34.6,
2023,6,ITARANA,5,4,10597,47.18,37.75,47.18,56.62,18.87,40.89,
2023,7,ITARANA,7,4,10597,66.06,37.75,47.18,47.18,56.62,50.33,34.6
2023,8,ITARANA,5,3,10597,47.18,28.31,66.06,47.18,47.18,53.47,44.04
2023,9,ITARANA,7,4,10597,66.06,37.75,47.18,66.06,47.18,53.47,47.18
2023,10,ITARANA,5,1,10597,47.18,9.44,66.06,47.18,66.06,59.77,55.05
2023,11,ITARANA,3,2,10597,28.31,18.87,47.18,66.06,47.18,53.47,53.47
2023,12,ITARANA,4,2,10597,37.75,18.87,28.31,47.18,66.06,47.18,50.33
2024,1,ITARANA,1,1,10984,9.1,9.1,37.75,28.31,47.18,37.75,48.76
2024,2,ITARANA,2,2,10984,18.21,18.21,9.1,37.75,28.31,25.05,39.26
2024,3,ITARANA,6,1,10984,54.62,9.1,18.21,9.1,37.75,21.69,34.44
2024,4,ITARANA,3,2,10984,27.31,18.21,54.62,18.21,9.1,27.31,32.53
2024,5,ITARANA,6,3,10984,54.62,27.31,27.31,54.62,18.21,33.38,29.22
2024,6,ITARANA,6,6,10984,54.62,54.62,54.62,27.31,54.62,45.52,33.6
2024,7,ITARANA,6,3,10984,54.62,27.31,54.62,54.62,27.31,45.52,36.41
2024,8,ITARANA,8,5,10984,72.83,45.52,54.62,54.62,54.62,54.62,44.0
2024,9,ITARANA,2,1,10984,18.21,9.1,72.83,54.62,54.62,60.69,53.1
2024,10,ITARANA,7,4,10984,63.73,36.42,18.21,72.83,54.62,48.55,47.04
2024,11,ITARANA,3,1,10984,27.31,9.1,63.73,18.21,72.83,51.59,53.1
2024,12,ITARANA,5,2,10984,45.52,18.21,27.31,63.73,18.21,36.42,48.55
2025,1,ITARANA,1,0,10975,9.11,0.0,45.52,27.31,63.73,45.52,47.04
2025,2,ITARANA,7,4,10975,63.78,36.45,9.11,45.52,27.31,27.31,39.45
2025,3,ITARANA,6,2,10975,54.67,18.22,63.78,9.11,45.52,39.47,37.94
2025,4,ITARANA,0,0,10975,0.0,0.0,54.67,63.78,9.11,42.52,44.02
2025,5,ITARANA,7,2,10975,63.78,18.22,0.0,54.67,63.78,39.48,33.4
2025,6,ITARANA,7,3,10975,63.78,27.33,63.78,0.0,54.67,39.48,39.48
2025,7,ITARANA,10,6,10975,91.12,54.67,63.78,63.78,0.0,42.52,42.52
2025,8,ITARANA,8,4,10975,72.89,36.45,91.12,63.78,63.78,72.89,56.19
2025,9,ITARANA,6,2,10975,54.67,18.22,72.89,91.12,63.78,75.93,57.71
2025,10,ITARANA,9,6,10975,82.0,54.67,54.67,72.89,91.12,72.89,57.71
2025,11,ITARANA,7,3,10975,63.78,27.33,82.0,54.67,72.89,69.85,71.37
2025,12,ITARANA,4,3,10975,36.45,27.33,63.78,82.0,54.67,66.82,71.37
2023,1,IUNA,17,9,28590,59.46,31.48,,,,,
2023,2,IUNA,12,5,28590,41.97,17.49,59.46,,,,
2023,3,IUNA,11,6,28590,38.47,20.99,41.97,59.46,,,
2023,4,IUNA,19,12,28590,66.46,41.97,38.47,41.97,59.46,46.63,
2023,5,IUNA,16,13,28590,55.96,45.47,66.46,38.47,41.97,48.97,
2023,6,IUNA,12,8,28590,41.97,27.98,55.96,66.46,38.47,53.63,
2023,7,IUNA,13,5,28590,45.47,17.49,41.97,55.96,66.46,54.8,50.72
2023,8,IUNA,13,5,28590,45.47,17.49,45.47,41.97,55.96,47.8,48.38
2023,9,IUNA,12,6,28590,41.97,20.99,45.47,45.47,41.97,44.3,48.97
2023,10,IUNA,22,7,28590,76.95,24.48,41.97,45.47,45.47,44.3,49.55
2023,11,IUNA,24,11,28590,83.95,38.47,76.95,41.97,45.47,54.8,51.3
2023,12,IUNA,14,8,28590,48.97,27.98,83.95,76.95,41.97,67.62,55.96
2024,1,IUNA,19,10,30444,62.41,32.85,48.97,83.95,76.95,69.96,57.13
2024,2,IUNA,19,7,30444,62.41,22.99,62.41,48.97,83.95,65.11,59.95
2024,3,IUNA,26,16,30444,85.4,52.56,62.41,62.41,48.97,57.93,62.78
2024,4,IUNA,16,5,30444,52.56,16.42,85.4,62.41,62.41,70.07,70.02
2024,5,IUNA,21,7,30444,68.98,22.99,52.56,85.4,62.41,66.79,65.95
2024,6,IUNA,19,7,30444,62.41,22.99,68.98,52.56,85.4,68.98,63.46
2024,7,IUNA,19,8,30444,62.41,26.28,62.41,68.98,52.56,61.32,65.69
2024,8,IUNA,20,15,30444,65.69,49.27,62.41,62.41,68.98,64.6,65.7
2024,9,IUNA,19,7,30444,62.41,22.99,65.69,62.41,62.41,63.5,66.24
2024,10,IUNA,13,4,30444,42.7,13.14,62.41,65.69,62.41,63.5,62.41
2024,11,IUNA,14,5,30444,45.99,16.42,42.7,62.41,65.69,56.93,60.77
2024,12,IUNA,17,7,30444,55.84,22.99,45.99,42.7,62.41,50.37,56.94
2025,1,IUNA,15,8,30556,49.09,26.18,55.84,45.99,42.7,48.18,55.84
2025,2,IUNA,26,13,30556,85.09,42.54,49.09,55.84,45.99,50.31,53.62
2025,3,IUNA,23,9,30556,75.27,29.45,85.09,49.09,55.84,63.34,56.85
2025,4,IUNA,25,14,30556,81.82,45.82,75.27,85.09,49.09,69.82,59.0
2025,5,IUNA,21,14,30556,68.73,45.82,81.82,75.27,85.09,80.73,65.52
2025,6,IUNA,19,5,30556,62.18,16.36,68.73,81.82,75.27,75.27,69.31
2025,7,IUNA,19,12,30556,62.18,39.27,62.18,68.73,81.82,70.91,70.36
2025,8,IUNA,19,12,30556,62.18,39.27,62.18,62.18,68.73,64.36,72.54
2025,9,IUNA,18,11,30556,58.91,36.0,62.18,62.18,62.18,62.18,68.73
2025,10,IUNA,24,12,30556,78.54,39.27,58.91,62.18,62.18,61.09,66.0
2025,11,IUNA,22,10,30556,72.0,32.73,78.54,58.91,62.18,66.54,65.45
2025,12,IUNA,19,10,30556,62.18,32.73,72.0,78.54,58.91,69.82,66.0
2023,1,JAGUARE,13,7,28931,44.93,24.2,,,,,
2023,2,JAGUARE,20,12,28931,69.13,41.48,44.93,,,,
2023,3,JAGUARE,19,6,28931,65.67,20.74,69.13,44.93,,,
2023,4,JAGUARE,19,12,28931,65.67,41.48,65.67,69.13,44.93,59.91,
2023,5,JAGUARE,17,9,28931,58.76,31.11,65.67,65.67,69.13,66.82,
2023,6,JAGUARE,20,11,28931,69.13,38.02,58.76,65.67,65.67,63.37,
2023,7,JAGUARE,22,15,28931,76.04,51.85,69.13,58.76,65.67,64.52,62.22
2023,8,JAGUARE,20,9,28931,69.13,31.11,76.04,69.13,58.76,67.98,67.4
2023,9,JAGUARE,24,8,28931,82.96,27.65,69.13,76.04,69.13,71.43,67.4
2023,10,JAGUARE,23,11,28931,79.5,38.02,82.96,69.13,76.04,76.04,70.28
2023,11,JAGUARE,21,2,28931,72.59,6.91,79.5,82.96,69.13,77.2,72.59
2023,12,JAGUARE,12,4,28931,41.48,13.83,72.59,79.5,82.96,78.35,74.89
2024,1,JAGUARE,16,8,31232,51.23,25.61,41.48,72.59,79.5,64.52,70.28
2024,2,JAGUARE,19,10,31232,60.84,32.02,51.23,41.48,72.59,55.1,66.15
2024,3,JAGUARE,15,9,31232,48.03,28.82,60.84,51.23,41.48,51.18,64.77
2024,4,JAGUARE,21,15,31232,67.24,48.03,48.03,60.84,51.23,53.37,58.94
2024,5,JAGUARE,13,9,31232,41.62,28.82,67.24,48.03,60.84,58.7,56.9
2024,6,JAGUARE,14,3,31232,44.83,9.61,41.62,67.24,48.03,52.3,51.74
2024,7,JAGUARE,20,9,31232,64.04,28.82,44.83,41.62,67.24,51.23,52.3
2024,8,JAGUARE,24,10,31232,76.84,32.02,64.04,44.83,41.62,50.16,54.43
2024,9,JAGUARE,17,8,31232,54.43,25.61,76.84,64.04,44.83,61.9,57.1
2024,10,JAGUARE,17,7,31232,54.43,22.41,54.43,76.84,64.04,65.1,58.17
2024,11,JAGUARE,21,5,31232,67.24,16.01,54.43,54.43,76.84,61.9,56.03
2024,12,JAGUARE,18,6,31232,57.63,19.21,67.24,54.43,54.43,58.7,60.3
2025,1,JAGUARE,20,12,31551,63.39,38.03,57.63,67.24,54.43,59.77,62.44
2025,2,JAGUARE,14,9,31551,44.37,28.53,63.39,57.63,67.24,62.75,62.33
2025,3,JAGUARE,17,7,31551,53.88,22.19,44.37,63.39,57.63,55.13,56.92
2025,4,JAGUARE,13,7,31551,41.2,22.19,53.88,44.37,63.39,53.88,56.82
2025,5,JAGUARE,17,11,31551,53.88,34.86,41.2,53.88,44.37,46.48,54.62
2025,6,JAGUARE,11,7,31551,34.86,22.19,53.88,41.2,53.88,49.65,52.39
2025,7,JAGUARE,24,19,31551,76.07,60.22,34.86,53.88,41.2,43.31,48.6
2025,8,JAGUARE,18,13,31551,57.05,41.2,76.07,34.86,53.88,54.94,50.71
2025,9,JAGUARE,14,8,31551,44.37,25.36,57.05,76.07,34.86,55.99,52.82
2025,10,JAGUARE,16,13,31551,50.71,41.2,44.37,57.05,76.07,59.16,51.24
2025,11,JAGUARE,12,8,31551,38.03,25.36,50.71,44.37,57.05,50.71,52.82
2025,12,JAGUARE,3,1,31551,9.51,3.17,38.03,50.71,44.37,44.37,50.18
2023,1,JERONIMO MONTEIRO,7,5,11575,60.48,43.2,,,,,
2023,2,JERONIMO MONTEIRO,7,4,11575,60.48,34.56,60.48,,,,
2023,3,JERONIMO MONTEIRO,4,2,11575,34.56,17.28,60.48,60.48,,,
2023,4,JERONIMO MONTEIRO,2,1,11575,17.28,8.64,34.56,60.48,60.48,51.84,
2023,5,JERONIMO MONTEIRO,7,5,11575,60.48,43.2,17.28,34.56,60.48,37.44,
2023,6,JERONIMO MONTEIRO,5,3,11575,43.2,25.92,60.48,17.28,34.56,37.44,
2023,7,JERONIMO MONTEIRO,2,2,11575,17.28,17.28,43.2,60.48,17.28,40.32,46.08
2023,8,JERONIMO MONTEIRO,7,4,11575,60.48,34.56,17.28,43.2,60.48,40.32,38.88
2023,9,JERONIMO MONTEIRO,4,2,11575,34.56,17.28,60.48,17.28,43.2,40.32,38.88
2023,10,JERONIMO MONTEIRO,4,3,11575,34.56,25.92,34.56,60.48,17.28,37.44,38.88
2023,11,JERONIMO MONTEIRO,13,9,11575,112.31,77.75,34.56,34.56,60.48,43.2,41.76
2023,12,JERONIMO MONTEIRO,3,2,11575,25.92,17.28,112.31,34.56,34.56,60.48,50.4
2024,1,JERONIMO MONTEIRO,7,6,12079,57.95,49.67,25.92,112.31,34.56,57.6,47.52
2024,2,JERONIMO MONTEIRO,3,1,12079,24.84,8.28,57.95,25.92,112.31,65.39,54.3
2024,3,JERONIMO MONTEIRO,9,8,12079,74.51,66.23,24.84,57.95,25.92,36.24,48.36
2024,4,JERONIMO MONTEIRO,5,3,12079,41.39,24.84,74.51,24.84,57.95,52.43,55.02
2024,5,JERONIMO MONTEIRO,8,7,12079,66.23,57.95,41.39,74.51,24.84,46.91,56.15
2024,6,JERONIMO MONTEIRO,2,1,12079,16.56,8.28,66.23,41.39,74.51,60.71,48.47
2024,7,JERONIMO MONTEIRO,7,6,12079,57.95,49.67,16.56,66.23,41.39,41.39,46.91
2024,8,JERONIMO MONTEIRO,10,8,12079,82.79,66.23,57.95,16.56,66.23,46.91,46.91
2024,9,JERONIMO MONTEIRO,7,4,12079,57.95,33.12,82.79,57.95,16.56,52.43,56.57
2024,10,JERONIMO MONTEIRO,7,2,12079,57.95,16.56,57.95,82.79,57.95,66.23,53.81
2024,11,JERONIMO MONTEIRO,8,8,12079,66.23,66.23,57.95,57.95,82.79,66.23,56.57
2024,12,JERONIMO MONTEIRO,8,8,12079,66.23,66.23,66.23,57.95,57.95,60.71,56.57
2025,1,JERONIMO MONTEIRO,8,6,12108,66.07,49.55,66.23,66.23,57.95,63.47,64.85
2025,2,JERONIMO MONTEIRO,9,7,12108,74.33,57.81,66.07,66.23,66.23,66.18,66.2
2025,3,JERONIMO MONTEIRO,8,7,12108,66.07,57.81,74.33,66.07,66.23,68.88,64.79
2025,4,JERONIMO MONTEIRO,14,11,12108,115.63,90.85,66.07,74.33,66.07,68.82,66.15
2025,5,JERONIMO MONTEIRO,9,5,12108,74.33,41.3,115.63,66.07,74.33,85.34,75.76
2025,6,JERONIMO MONTEIRO,9,4,12108,74.33,33.04,74.33,115.63,66.07,85.34,77.11
2025,7,JERONIMO MONTEIRO,10,4,12108,82.59,33.04,74.33,74.33,115.63,88.1,78.46
2025,8,JERONIMO MONTEIRO,6,3,12108,49.55,24.78,82.59,74.33,74.33,77.08,81.21
2025,9,JERONIMO MONTEIRO,6,3,12108,49.55,24.78,49.55,82.59,74.33,68.82,77.08
2025,10,JERONIMO MONTEIRO,14,9,12108,115.63,74.33,49.55,49.55,82.59,60.56,74.33
2025,11,JERONIMO MONTEIRO,8,6,12108,66.07,49.55,115.63,49.55,49.55,71.58,74.33
2025,12,JERONIMO MONTEIRO,12,5,12108,99.11,41.3,66.07,115.63,49.55,77.08,72.95
2023,1,JOAO NEIVA,18,9,14079,127.85,63.92,,,,,
2023,2,JOAO NEIVA,14,6,14079,99.44,42.62,127.85,,,,
2023,3,JOAO NEIVA,15,6,14079,106.54,42.62,99.44,127.85,,,
2023,4,JOAO NEIVA,12,7,14079,85.23,49.72,106.54,99.44,127.85,111.28,
2023,5,JOAO NEIVA,20,9,14079,142.06,63.92,85.23,106.54,99.44,97.07,
2023,6,JOAO NEIVA,15,8,14079,106.54,56.82,142.06,85.23,106.54,111.28,
2023,7,JOAO NEIVA,20,10,14079,142.06,71.03,106.54,142.06,85.23,111.28,111.28
2023,8,JOAO NEIVA,24,14,14079,170.47,99.44,142.06,106.54,142.06,130.22,113.64
2023,9,JOAO NEIVA,23,13,14079,163.36,92.34,170.47,142.06,106.54,139.69,125.48
2023,10,JOAO NEIVA,22,5,14079,156.26,35.51,163.36,170.47,142.06,158.63,134.95
2023,11,JOAO NEIVA,10,3,14079,71.03,21.31,156.26,163.36,170.47,163.36,146.79
2023,12,JOAO NEIVA,22,7,14079,156.26,49.72,71.03,156.26,163.36,130.22,134.95
2024,1,JOAO NEIVA,16,8,14391,111.18,55.59,156.26,71.03,156.26,127.85,143.24
2024,2,JOAO NEIVA,9,5,14391,62.54,34.74,111.18,156.26,71.03,112.82,138.09
2024,3,JOAO NEIVA,15,13,14391,104.23,90.33,62.54,111.18,156.26,109.99,120.1
2024,4,JOAO NEIVA,16,1,14391,111.18,6.95,104.23,62.54,111.18,92.65,110.25
2024,5,JOAO NEIVA,21,7,14391,145.92,48.64,111.18,104.23,62.54,92.65,102.74
2024,6,JOAO NEIVA,21,16,14391,145.92,111.18,145.92,111.18,104.23,120.44,115.22
2024,7,JOAO NEIVA,27,17,14391,187.62,118.13,145.92,145.92,111.18,134.34,113.5
2024,8,JOAO NEIVA,15,7,14391,104.23,48.64,187.62,145.92,145.92,159.82,126.24
2024,9,JOAO NEIVA,15,11,14391,104.23,76.44,104.23,187.62,145.92,145.92,133.18
2024,10,JOAO NEIVA,10,4,14391,69.49,27.8,104.23,104.23,187.62,132.03,133.18
2024,11,JOAO NEIVA,16,6,14391,111.18,41.69,69.49,104.23,104.23,92.65,126.24
2024,12,JOAO NEIVA,13,7,14391,90.33,48.64,111.18,69.49,104.23,94.97,120.44
2025,1,JOAO NEIVA,13,5,14295,90.94,34.98,90.33,111.18,69.49,90.33,111.18
2025,2,JOAO NEIVA,11,7,14295,76.95,48.97,90.94,90.33,111.18,97.48,95.07
2025,3,JOAO NEIVA,3,0,14295,20.99,0.0,76.95,90.94,90.33,86.07,90.52
2025,4,JOAO NEIVA,12,5,14295,83.95,34.98,20.99,76.95,90.94,62.96,76.65
2025,5,JOAO NEIVA,9,3,14295,62.96,20.99,83.95,20.99,76.95,60.63,79.06
2025,6,JOAO NEIVA,12,4,14295,83.95,27.98,62.96,83.95,20.99,55.97,71.02
2025,7,JOAO NEIVA,23,13,14295,160.9,90.94,83.95,62.96,83.95,76.95,69.96
2025,8,JOAO NEIVA,11,4,14295,76.95,27.98,160.9,83.95,62.96,102.6,81.62
2025,9,JOAO NEIVA,21,13,14295,146.9,90.94,76.95,160.9,83.95,107.27,81.62
2025,10,JOAO NEIVA,16,8,14295,111.93,55.96,146.9,76.95,160.9,128.25,102.6
2025,11,JOAO NEIVA,5,2,14295,34.98,13.99,111.93,146.9,76.95,111.93,107.26
2025,12,JOAO NEIVA,7,5,14295,48.97,34.98,34.98,111.93,146.9,97.94,102.6
2023,1,LARANJA DA TERRA,2,1,11094,18.03,9.01,,,,,
2023,2,LARANJA DA TERRA,4,1,11094,36.06,9.01,18.03,,,,
2023,3,LARANJA DA TERRA,3,0,11094,27.04,0.0,36.06,18.03,,,
2023,4,LARANJA DA TERRA,5,0,11094,45.07,0.0,27.04,36.06,18.03,27.04,
2023,5,LARANJA DA TERRA,8,3,11094,72.11,27.04,45.07,27.04,36.06,36.06,
2023,6,LARANJA DA TERRA,3,2,11094,27.04,18.03,72.11,45.07,27.04,48.07,
2023,7,LARANJA DA TERRA,4,0,11094,36.06,0.0,27.04,72.11,45.07,48.07,37.56
2023,8,LARANJA DA TERRA,9,2,11094,81.12,18.03,36.06,27.04,72.11,45.07,40.56
2023,9,LARANJA DA TERRA,8,5,11094,72.11,45.07,81.12,36.06,27.04,48.07,48.07
2023,10,LARANJA DA TERRA,6,3,11094,54.08,27.04,72.11,81.12,36.06,63.1,55.58
2023,11,LARANJA DA TERRA,4,2,11094,36.06,18.03,54.08,72.11,81.12,69.1,57.09
2023,12,LARANJA DA TERRA,2,1,11094,18.03,9.01,36.06,54.08,72.11,54.08,51.08
2024,1,LARANJA DA TERRA,3,1,11572,25.92,8.64,18.03,36.06,54.08,36.06,49.58
2024,2,LARANJA DA TERRA,7,3,11572,60.49,25.92,25.92,18.03,36.06,26.67,47.89
2024,3,LARANJA DA TERRA,6,2,11572,51.85,17.28,60.49,25.92,18.03,34.81,44.45
2024,4,LARANJA DA TERRA,10,4,11572,86.42,34.57,51.85,60.49,25.92,46.09,41.07
2024,5,LARANJA DA TERRA,9,4,11572,77.77,34.57,86.42,51.85,60.49,66.25,46.46
2024,6,LARANJA DA TERRA,10,8,11572,86.42,69.13,77.77,86.42,51.85,72.01,53.41
2024,7,LARANJA DA TERRA,3,3,11572,25.92,25.92,86.42,77.77,86.42,83.54,64.81
2024,8,LARANJA DA TERRA,9,7,11572,77.77,60.49,25.92,86.42,77.77,63.37,64.81
2024,9,LARANJA DA TERRA,9,7,11572,77.77,60.49,77.77,25.92,86.42,63.37,67.69
2024,10,LARANJA DA TERRA,9,8,11572,77.77,69.13,77.77,77.77,25.92,60.49,72.01
2024,11,LARANJA DA TERRA,8,6,11572,69.13,51.85,77.77,77.77,77.77,77.77,70.57
2024,12,LARANJA DA TERRA,4,3,11572,34.57,25.92,69.13,77.77,77.77,74.89,69.13
2025,1,LARANJA DA TERRA,9,5,11597,77.61,43.11,34.57,69.13,77.77,60.49,60.49
2025,2,LARANJA DA TERRA,2,1,11597,17.25,8.62,77.61,34.57,69.13,60.44,69.1
2025,3,LARANJA DA TERRA,3,2,11597,25.87,17.25,17.25,77.61,34.57,43.14,59.02
2025,4,LARANJA DA TERRA,6,3,11597,51.74,25.87,25.87,17.25,77.61,40.24,50.37
2025,5,LARANJA DA TERRA,5,4,11597,43.11,34.49,51.74,25.87,17.25,31.62,46.03
2025,6,LARANJA DA TERRA,3,1,11597,25.87,8.62,43.11,51.74,25.87,40.24,41.69
2025,7,LARANJA DA TERRA,5,4,11597,43.11,34.49,25.87,43.11,51.74,40.24,40.24
2025,8,LARANJA DA TERRA,6,6,11597,51.74,51.74,43.11,25.87,43.11,37.36,34.49
2025,9,LARANJA DA TERRA,6,5,11597,51.74,43.11,51.74,43.11,25.87,40.24,40.24
2025,10,LARANJA DA TERRA,5,3,11597,43.11,25.87,51.74,51.74,43.11,48.86,44.55
2025,11,LARANJA DA TERRA,7,5,11597,60.36,43.11,43.11,51.74,51.74,48.86,43.11
2025,12,LARANJA DA TERRA,8,2,11597,68.98,17.25,60.36,43.11,51.74,51.74,45.99
2023,1,LINHARES,151,39,166786,90.54,23.38,,,,,
2023,2,LINHARES,142,50,166786,85.14,29.98,90.54,,,,
2023,3,LINHARES,199,51,166786,119.31,30.58,85.14,90.54,,,
2023,4,LINHARES,150,45,166786,89.94,26.98,119.31,85.14,90.54,98.33,
2023,5,LINHARES,180,43,166786,107.92,25.78,89.94,119.31,85.14,98.13,
2023,6,LINHARES,171,57,166786,102.53,34.18,107.92,89.94,119.31,105.72,
2023,7,LINHARES,185,59,166786,110.92,35.37,102.53,107.92,89.94,100.13,99.23
2023,8,LINHARES,187,50,166786,112.12,29.98,110.92,102.53,107.92,107.12,102.63
2023,9,LINHARES,190,72,166786,113.92,43.17,112.12,110.92,102.53,108.52,107.12
2023,10,LINHARES,249,100,166786,149.29,59.96,113.92,112.12,110.92,112.32,106.22
2023,11,LINHARES,147,62,166786,88.14,37.17,149.29,113.92,112.12,125.11,116.12
2023,12,LINHARES,153,49,166786,91.73,29.38,88.14,149.29,113.92,117.12,112.82
2024,1,LINHARES,183,74,181912,100.6,40.68,91.73,88.14,149.29,109.72,111.02
2024,2,LINHARES,167,72,181912,91.8,39.58,100.6,91.73,88.14,93.49,109.3
2024,3,LINHARES,185,83,181912,101.7,45.63,91.8,100.6,91.73,94.71,105.91
2024,4,LINHARES,185,98,181912,101.7,53.87,101.7,91.8,100.6,98.03,103.88
2024,5,LINHARES,168,77,181912,92.35,42.33,101.7,101.7,91.8,98.4,95.94
2024,6,LINHARES,164,80,181912,90.15,43.98,92.35,101.7,101.7,98.58,96.65
2024,7,LINHARES,201,115,181912,110.49,63.22,90.15,92.35,101.7,94.73,96.38
2024,8,LINHARES,186,97,181912,102.25,53.32,110.49,90.15,92.35,97.66,98.03
2024,9,LINHARES,168,97,181912,92.35,53.32,102.25,110.49,90.15,100.96,99.77
2024,10,LINHARES,193,85,181912,106.1,46.73,92.35,102.25,110.49,101.7,98.21
2024,11,LINHARES,189,107,181912,103.9,58.82,106.1,92.35,102.25,100.23,98.95
2024,12,LINHARES,206,112,181912,113.24,61.57,103.9,106.1,92.35,100.78,100.87
2025,1,LINHARES,208,117,183797,113.17,63.66,113.24,103.9,106.1,107.75,104.72
2025,2,LINHARES,208,107,183797,113.17,58.22,113.17,113.24,103.9,110.1,105.17
2025,3,LINHARES,200,106,183797,108.82,57.67,113.17,113.17,113.24,113.19,106.99
2025,4,LINHARES,189,89,183797,102.83,48.42,108.82,113.17,113.17,111.72,109.73
2025,5,LINHARES,241,122,183797,131.12,66.38,102.83,108.82,113.17,108.27,109.19
2025,6,LINHARES,284,173,183797,154.52,94.13,131.12,102.83,108.82,114.26,113.72
2025,7,LINHARES,263,153,183797,143.09,83.24,154.52,131.12,102.83,129.49,120.6
2025,8,LINHARES,274,157,183797,149.08,85.42,143.09,154.52,131.12,142.91,125.59
2025,9,LINHARES,293,176,183797,159.42,95.76,149.08,143.09,154.52,148.9,131.58
2025,10,LINHARES,337,199,183797,183.35,108.27,159.42,149.08,143.09,150.53,140.01
2025,11,LINHARES,242,124,183797,131.67,67.47,183.35,159.42,149.08,163.95,153.43
2025,12,LINHARES,182,87,183797,99.02,47.33,131.67,183.35,159.42,158.15,153.52
2023,1,MANTENOPOLIS,5,1,12770,39.15,7.83,,,,,
2023,2,MANTENOPOLIS,2,1,12770,15.66,7.83,39.15,,,,
2023,3,MANTENOPOLIS,8,7,12770,62.65,54.82,15.66,39.15,,,
2023,4,MANTENOPOLIS,4,3,12770,31.32,23.49,62.65,15.66,39.15,39.15,
2023,5,MANTENOPOLIS,3,2,12770,23.49,15.66,31.32,62.65,15.66,36.54,
2023,6,MANTENOPOLIS,8,5,12770,62.65,39.15,23.49,31.32,62.65,39.15,
2023,7,MANTENOPOLIS,6,4,12770,46.99,31.32,62.65,23.49,31.32,39.15,39.15
2023,8,MANTENOPOLIS,5,3,12770,39.15,23.49,46.99,62.65,23.49,44.38,40.46
2023,9,MANTENOPOLIS,5,3,12770,39.15,23.49,39.15,46.99,62.65,49.6,44.38
2023,10,MANTENOPOLIS,4,3,12770,31.32,23.49,39.15,39.15,46.99,41.76,40.46
2023,11,MANTENOPOLIS,1,0,12770,7.83,0.0,31.32,39.15,39.15,36.54,40.46
2023,12,MANTENOPOLIS,1,0,12770,7.83,0.0,7.83,31.32,39.15,26.1,37.85
2024,1,MANTENOPOLIS,1,0,13173,7.59,0.0,7.83,7.83,31.32,15.66,28.71
2024,2,MANTENOPOLIS,1,1,13173,7.59,7.59,7.59,7.83,7.83,7.75,22.14
2024,3,MANTENOPOLIS,0,0,13173,0.0,0.0,7.59,7.59,7.83,7.67,16.89
2024,4,MANTENOPOLIS,3,0,13173,22.77,0.0,0.0,7.59,7.59,5.06,10.36
2024,5,MANTENOPOLIS,6,3,13173,45.55,22.77,22.77,0.0,7.59,10.12,8.94
2024,6,MANTENOPOLIS,2,0,13173,15.18,0.0,45.55,22.77,0.0,22.77,15.22
2024,7,MANTENOPOLIS,2,0,13173,15.18,0.0,15.18,45.55,22.77,27.83,16.45
2024,8,MANTENOPOLIS,5,2,13173,37.96,15.18,15.18,15.18,45.55,25.3,17.71
2024,9,MANTENOPOLIS,0,0,13173,0.0,0.0,37.96,15.18,15.18,22.77,22.77
2024,10,MANTENOPOLIS,2,0,13173,15.18,0.0,0.0,37.96,15.18,17.71,22.77
2024,11,MANTENOPOLIS,1,1,13173,7.59,7.59,15.18,0.0,37.96,17.71,21.51
2024,12,MANTENOPOLIS,2,1,13173,15.18,7.59,7.59,15.18,0.0,7.59,15.18
2025,1,MANTENOPOLIS,8,5,13131,60.92,38.08,15.18,7.59,15.18,12.65,15.18
2025,2,MANTENOPOLIS,5,1,13131,38.08,7.62,60.92,15.18,7.59,27.9,22.8
2025,3,MANTENOPOLIS,2,2,13131,15.23,15.23,38.08,60.92,15.18,38.06,22.82
2025,4,MANTENOPOLIS,8,4,13131,60.92,30.46,15.23,38.08,60.92,38.08,25.36
2025,5,MANTENOPOLIS,5,3,13131,38.08,22.85,60.92,15.23,38.08,38.08,32.99
2025,6,MANTENOPOLIS,9,5,13131,68.54,38.08,38.08,60.92,15.23,38.08,38.07
2025,7,MANTENOPOLIS,9,4,13131,68.54,30.46,68.54,38.08,60.92,55.85,46.96
2025,8,MANTENOPOLIS,43,4,13131,327.47,30.46,68.54,68.54,38.08,58.39,48.23
2025,9,MANTENOPOLIS,35,7,13131,266.54,53.31,327.47,68.54,68.54,154.85,96.46
2025,10,MANTENOPOLIS,17,9,13131,129.46,68.54,266.54,327.47,68.54,220.85,138.35
2025,11,MANTENOPOLIS,9,4,13131,68.54,30.46,129.46,266.54,327.47,241.16,149.77
2025,12,MANTENOPOLIS,10,2,13131,76.16,15.23,68.54,129.46,266.54,154.85,154.85
2023,1,MARATAIZES,37,25,41929,88.24,59.62,,,,,
2023,2,MARATAIZES,35,16,41929,83.47,38.16,88.24,,,,
2023,3,MARATAIZES,38,28,41929,90.63,66.78,83.47,88.24,,,
2023,4,MARATAIZES,28,20,41929,66.78,47.7,90.63,83.47,88.24,87.45,
2023,5,MARATAIZES,36,22,41929,85.86,52.47,66.78,90.63,83.47,80.29,
2023,6,MARATAIZES,31,22,41929,73.93,52.47,85.86,66.78,90.63,81.09,
2023,7,MARATAIZES,40,24,41929,95.4,57.24,73.93,85.86,66.78,75.52,81.48
2023,8,MARATAIZES,35,15,41929,83.47,35.77,95.4,73.93,85.86,85.06,82.68
2023,9,MARATAIZES,27,17,41929,64.39,40.54,83.47,95.4,73.93,84.27,82.68
2023,10,MARATAIZES,29,14,41929,69.16,33.39,64.39,83.47,95.4,81.09,78.31
2023,11,MARATAIZES,45,18,41929,107.32,42.93,69.16,64.39,83.47,72.34,78.7
2023,12,MARATAIZES,62,27,41929,147.87,64.39,107.32,69.16,64.39,80.29,82.28
2024,1,MARATAIZES,57,29,45418,125.5,63.85,147.87,107.32,69.16,108.12,94.6
2024,2,MARATAIZES,38,22,45418,83.67,48.44,125.5,147.87,107.32,126.9,99.62
2024,3,MARATAIZES,51,29,45418,112.29,63.85,83.67,125.5,147.87,119.01,99.65
2024,4,MARATAIZES,47,22,45418,103.48,48.44,112.29,83.67,125.5,107.15,107.64
2024,5,MARATAIZES,41,24,45418,90.27,52.84,103.48,112.29,83.67,99.81,113.36
2024,6,MARATAIZES,48,29,45418,105.68,63.85,90.27,103.48,112.29,102.01,110.51
2024,7,MARATAIZES,42,20,45418,92.47,44.04,105.68,90.27,103.48,99.81,103.48
2024,8,MARATAIZES,94,47,45418,206.97,103.48,92.47,105.68,90.27,96.14,97.98
2024,9,MARATAIZES,61,35,45418,134.31,77.06,206.97,92.47,105.68,135.04,118.53
2024,10,MARATAIZES,56,37,45418,123.3,81.47,134.31,206.97,92.47,144.58,122.2
2024,11,MARATAIZES,48,35,45418,105.68,77.06,123.3,134.31,206.97,154.86,125.5
2024,12,MARATAIZES,49,28,45418,107.89,61.65,105.68,123.3,134.31,121.1,128.07
2025,1,MARATAIZES,60,34,45953,130.57,73.99,107.89,105.68,123.3,112.29,128.44
2025,2,MARATAIZES,36,25,45953,78.34,54.4,130.57,107.89,105.68,114.71,134.79
2025,3,MARATAIZES,49,25,45953,106.63,54.4,78.34,130.57,107.89,105.6,113.35
2025,4,MARATAIZES,70,42,45953,152.33,91.4,106.63,78.34,130.57,105.18,108.74
2025,5,MARATAIZES,68,42,45953,147.98,91.4,152.33,106.63,78.34,112.43,113.57
2025,6,MARATAIZES,46,20,45953,100.1,43.52,147.98,152.33,106.63,135.65,120.62
2025,7,MARATAIZES,55,25,45953,119.69,54.4,100.1,147.98,152.33,133.47,119.32
2025,8,MARATAIZES,45,24,45953,97.93,52.23,119.69,100.1,147.98,122.59,117.51
2025,9,MARATAIZES,73,44,45953,158.86,95.75,97.93,119.69,100.1,105.91,120.78
2025,10,MARATAIZES,68,34,45953,147.98,73.99,158.86,97.93,119.69,125.49,129.48
2025,11,MARATAIZES,45,27,45953,97.93,58.76,147.98,158.86,97.93,134.92,128.76
2025,12,MARATAIZES,47,21,45953,102.28,45.7,97.93,147.98,158.86,134.92,120.42
2023,1,MARECHAL FLORIANO,11,3,17641,62.35,17.01,,,,,
2023,2,MARECHAL FLORIANO,14,5,17641,79.36,28.34,62.35,,,,
2023,3,MARECHAL FLORIANO,6,4,17641,34.01,22.67,79.36,62.35,,,
2023,4,MARECHAL FLORIANO,7,3,17641,39.68,17.01,34.01,79.36,62.35,58.57,
2023,5,MARECHAL FLORIANO,6,3,17641,34.01,17.01,39.68,34.01,79.36,51.02,
2023,6,MARECHAL FLORIANO,17,8,17641,96.37,45.35,34.01,39.68,34.01,35.9,
2023,7,MARECHAL FLORIANO,7,4,17641,39.68,22.67,96.37,34.01,39.68,56.69,57.63
2023,8,MARECHAL FLORIANO,14,3,17641,79.36,17.01,39.68,96.37,34.01,56.69,53.85
2023,9,MARECHAL FLORIANO,8,2,17641,45.35,11.34,79.36,39.68,96.37,71.8,53.85
2023,10,MARECHAL FLORIANO,15,8,17641,85.03,45.35,45.35,79.36,39.68,54.8,55.74
2023,11,MARECHAL FLORIANO,8,4,17641,45.35,22.67,85.03,45.35,79.36,69.91,63.3
2023,12,MARECHAL FLORIANO,10,5,17641,56.69,28.34,45.35,85.03,45.35,58.58,65.19
2024,1,MARECHAL FLORIANO,12,6,18743,64.02,32.01,56.69,45.35,85.03,62.36,58.58
2024,2,MARECHAL FLORIANO,22,8,18743,117.38,42.68,64.02,56.69,45.35,55.35,62.63
2024,3,MARECHAL FLORIANO,17,5,18743,90.7,26.68,117.38,64.02,56.69,79.36,68.97
2024,4,MARECHAL FLORIANO,21,10,18743,112.04,53.35,90.7,117.38,64.02,90.7,76.53
2024,5,MARECHAL FLORIANO,25,10,18743,133.38,53.35,112.04,90.7,117.38,106.71,81.03
2024,6,MARECHAL FLORIANO,23,10,18743,122.71,53.35,133.38,112.04,90.7,112.04,95.7
2024,7,MARECHAL FLORIANO,16,9,18743,85.37,48.02,122.71,133.38,112.04,122.71,106.7
2024,8,MARECHAL FLORIANO,22,7,18743,117.38,37.35,85.37,122.71,133.38,113.82,110.26
2024,9,MARECHAL FLORIANO,16,5,18743,85.37,26.68,117.38,85.37,122.71,108.49,110.26
2024,10,MARECHAL FLORIANO,12,6,18743,64.02,32.01,85.37,117.38,85.37,96.04,109.38
2024,11,MARECHAL FLORIANO,14,4,18743,74.69,21.34,64.02,85.37,117.38,88.92,101.37
2024,12,MARECHAL FLORIANO,20,8,18743,106.71,42.68,74.69,64.02,85.37,74.69,91.59
2025,1,MARECHAL FLORIANO,12,4,18964,63.28,21.09,106.71,74.69,64.02,81.81,88.92
2025,2,MARECHAL FLORIANO,15,3,18964,79.1,15.82,63.28,106.71,74.69,81.56,85.24
2025,3,MARECHAL FLORIANO,14,4,18964,73.82,21.09,79.1,63.28,106.71,83.03,78.86
2025,4,MARECHAL FLORIANO,22,11,18964,116.01,58.0,73.82,79.1,63.28,72.07,76.94
2025,5,MARECHAL FLORIANO,13,3,18964,68.55,15.82,116.01,73.82,79.1,89.64,85.6
2025,6,MARECHAL FLORIANO,12,8,18964,63.28,42.19,68.55,116.01,73.82,86.13,84.58
2025,7,MARECHAL FLORIANO,19,8,18964,100.19,42.19,63.28,68.55,116.01,82.61,77.34
2025,8,MARECHAL FLORIANO,12,7,18964,63.28,36.91,100.19,63.28,68.55,77.34,83.49
2025,9,MARECHAL FLORIANO,20,9,18964,105.46,47.46,63.28,100.19,63.28,75.58,80.86
2025,10,MARECHAL FLORIANO,22,7,18964,116.01,36.91,105.46,63.28,100.19,89.64,86.13
2025,11,MARECHAL FLORIANO,18,5,18964,94.92,26.37,116.01,105.46,63.28,94.92,86.13
2025,12,MARECHAL FLORIANO,8,3,18964,42.19,15.82,94.92,116.01,105.46,105.46,90.52
2023,1,MARILANDIA,7,4,12387,56.51,32.29,,,,,
2023,2,MARILANDIA,4,1,12387,32.29,8.07,56.51,,,,
2023,3,MARILANDIA,11,6,12387,88.8,48.44,32.29,56.51,,,
2023,4,MARILANDIA,2,1,12387,16.15,8.07,88.8,32.29,56.51,59.2,
2023,5,MARILANDIA,5,2,12387,40.36,16.15,16.15,88.8,32.29,45.75,
2023,6,MARILANDIA,10,6,12387,80.73,48.44,40.36,16.15,88.8,48.44,
2023,7,MARILANDIA,10,1,12387,80.73,8.07,80.73,40.36,16.15,45.75,52.47
2023,8,MARILANDIA,8,3,12387,64.58,24.22,80.73,80.73,40.36,67.27,56.51
2023,9,MARILANDIA,7,2,12387,56.51,16.15,64.58,80.73,80.73,75.35,61.89
2023,10,MARILANDIA,8,0,12387,64.58,0.0,56.51,64.58,80.73,67.27,56.51
2023,11,MARILANDIA,9,2,12387,72.66,16.15,64.58,56.51,64.58,61.89,64.58
2023,12,MARILANDIA,7,3,12387,56.51,24.22,72.66,64.58,56.51,64.58,69.96
2024,1,MARILANDIA,5,1,13014,38.42,7.68,56.51,72.66,64.58,64.58,65.93
2024,2,MARILANDIA,5,0,13014,38.42,0.0,38.42,56.51,72.66,55.86,58.88
2024,3,MARILANDIA,9,3,13014,69.16,23.05,38.42,38.42,56.51,44.45,54.52
2024,4,MARILANDIA,7,2,13014,53.79,15.37,69.16,38.42,38.42,48.67,56.62
2024,5,MARILANDIA,9,1,13014,69.16,7.68,53.79,69.16,38.42,53.79,54.83
2024,6,MARILANDIA,8,1,13014,61.47,7.68,69.16,53.79,69.16,64.04,54.24
2024,7,MARILANDIA,6,2,13014,46.1,15.37,61.47,69.16,53.79,61.47,55.07
2024,8,MARILANDIA,11,4,13014,84.52,30.74,46.1,61.47,69.16,58.91,56.35
2024,9,MARILANDIA,13,4,13014,99.89,30.74,84.52,46.1,61.47,64.03,64.03
2024,10,MARILANDIA,9,3,13014,69.16,23.05,99.89,84.52,46.1,76.84,69.15
2024,11,MARILANDIA,9,4,13014,69.16,30.74,69.16,99.89,84.52,84.52,71.72
2024,12,MARILANDIA,8,7,13014,61.47,53.79,69.16,69.16,99.89,79.4,71.72
2025,1,MARILANDIA,12,2,13087,91.69,15.28,61.47,69.16,69.16,66.6,71.72
2025,2,MARILANDIA,2,1,13087,15.28,7.64,91.69,61.47,69.16,74.11,79.32
2025,3,MARILANDIA,7,2,13087,53.49,15.28,15.28,91.69,61.47,56.15,67.77
2025,4,MARILANDIA,8,3,13087,61.13,22.92,53.49,15.28,91.69,53.49,60.04
2025,5,MARILANDIA,8,3,13087,61.13,22.92,61.13,53.49,15.28,43.3,58.7
2025,6,MARILANDIA,5,1,13087,38.21,7.64,61.13,61.13,53.49,58.58,57.36
2025,7,MARILANDIA,13,4,13087,99.34,30.56,38.21,61.13,61.13,53.49,53.49
2025,8,MARILANDIA,18,10,13087,137.54,76.41,99.34,38.21,61.13,66.23,54.76
2025,9,MARILANDIA,12,8,13087,91.69,61.13,137.54,99.34,38.21,91.7,75.14
2025,10,MARILANDIA,17,9,13087,129.9,68.77,91.69,137.54,99.34,109.52,81.51
2025,11,MARILANDIA,13,7,13087,99.34,53.49,129.9,91.69,137.54,119.71,92.97
2025,12,MARILANDIA,6,4,13087,45.85,30.56,99.34,129.9,91.69,106.98,99.34
2023,1,MIMOSO DO SUL,14,3,24475,57.2,12.26,,,,,
2023,2,MIMOSO DO SUL,16,2,24475,65.37,8.17,57.2,,,,
2023,3,MIMOSO DO SUL,5,1,24475,20.43,4.09,65.37,57.2,,,
2023,4,MIMOSO DO SUL,8,2,24475,32.69,8.17,20.43,65.37,57.2,47.67,
2023,5,MIMOSO DO SUL,13,1,24475,53.12,4.09,32.69,20.43,65.37,39.5,
2023,6,MIMOSO DO SUL,12,3,24475,49.03,12.26,53.12,32.69,20.43,35.41,
2023,7,MIMOSO DO SUL,11,1,24475,44.94,4.09,49.03,53.12,32.69,44.95,46.31
2023,8,MIMOSO DO SUL,4,0,24475,16.34,0.0,44.94,49.03,53.12,49.03,44.26
2023,9,MIMOSO DO SUL,15,6,24475,61.29,24.51,16.34,44.94,49.03,36.77,36.09
2023,10,MIMOSO DO SUL,14,4,24475,57.2,16.34,61.29,16.34,44.94,40.86,42.9
2023,11,MIMOSO DO SUL,14,4,24475,57.2,16.34,57.2,61.29,16.34,44.94,46.99
2023,12,MIMOSO DO SUL,8,3,24475,32.69,12.26,57.2,57.2,61.29,58.56,47.67
2024,1,MIMOSO DO SUL,14,4,25179,55.6,15.89,32.69,57.2,57.2,49.03,44.94
2024,2,MIMOSO DO SUL,13,5,25179,51.63,19.86,55.6,32.69,57.2,48.5,46.72
2024,3,MIMOSO DO SUL,12,9,25179,47.66,35.74,51.63,55.6,32.69,46.64,52.6
2024,4,MIMOSO DO SUL,11,4,25179,43.69,15.89,47.66,51.63,55.6,51.63,50.33
2024,5,MIMOSO DO SUL,21,6,25179,83.4,23.83,43.69,47.66,51.63,47.66,48.08
2024,6,MIMOSO DO SUL,9,4,25179,35.74,15.89,83.4,43.69,47.66,58.25,52.44
2024,7,MIMOSO DO SUL,14,5,25179,55.6,19.86,35.74,83.4,43.69,54.28,52.95
2024,8,MIMOSO DO SUL,30,11,25179,119.15,43.69,55.6,35.74,83.4,58.25,52.95
2024,9,MIMOSO DO SUL,19,10,25179,75.46,39.72,119.15,55.6,35.74,70.16,64.21
2024,10,MIMOSO DO SUL,14,6,25179,55.6,23.83,75.46,119.15,55.6,83.4,68.84
2024,11,MIMOSO DO SUL,20,6,25179,79.43,23.83,55.6,75.46,119.15,83.4,70.82
2024,12,MIMOSO DO SUL,18,5,25179,71.49,19.86,79.43,55.6,75.46,70.16,70.16
2025,1,MIMOSO DO SUL,15,2,25088,59.79,7.97,71.49,79.43,55.6,68.84,76.12
2025,2,MIMOSO DO SUL,15,9,25088,59.79,35.87,59.79,71.49,79.43,70.24,76.82
2025,3,MIMOSO DO SUL,25,9,25088,99.65,35.87,59.79,59.79,71.49,63.69,66.93
2025,4,MIMOSO DO SUL,24,15,25088,95.66,59.79,99.65,59.79,59.79,73.08,70.96
2025,5,MIMOSO DO SUL,26,8,25088,103.64,31.89,95.66,99.65,59.79,85.03,77.63
2025,6,MIMOSO DO SUL,26,13,25088,103.64,51.82,103.64,95.66,99.65,99.65,81.67
2025,7,MIMOSO DO SUL,14,10,25088,55.8,39.86,103.64,103.64,95.66,100.98,87.03
2025,8,MIMOSO DO SUL,11,8,25088,43.85,31.89,55.8,103.64,103.64,87.69,86.36
2025,9,MIMOSO DO SUL,9,5,25088,35.87,19.93,43.85,55.8,103.64,67.76,83.71
2025,10,MIMOSO DO SUL,17,14,25088,67.76,55.8,35.87,43.85,55.8,45.17,73.08
2025,11,MIMOSO DO SUL,22,12,25088,87.69,47.83,67.76,35.87,43.85,49.16,68.43
2025,12,MIMOSO DO SUL,7,7,25088,27.9,27.9,87.69,67.76,35.87,63.77,65.77
2023,1,MONTANHA,7,6,18900,37.04,31.75,,,,,
2023,2,MONTANHA,11,8,18900,58.2,42.33,37.04,,,,
2023,3,MONTANHA,17,11,18900,89.95,58.2,58.2,37.04,,,
2023,4,MONTANHA,4,3,18900,21.16,15.87,89.95,58.2,37.04,61.73,
2023,5,MONTANHA,9,8,18900,47.62,42.33,21.16,89.95,58.2,56.44,
2023,6,MONTANHA,5,4,18900,26.46,21.16,47.62,21.16,89.95,52.91,
2023,7,MONTANHA,10,5,18900,52.91,26.46,26.46,47.62,21.16,31.75,46.74
2023,8,MONTANHA,11,5,18900,58.2,26.46,52.91,26.46,47.62,42.33,49.38
2023,9,MONTANHA,7,5,18900,37.04,26.46,58.2,52.91,26.46,45.86,49.38
2023,10,MONTANHA,7,7,18900,37.04,37.04,37.04,58.2,52.91,49.38,40.56
2023,11,MONTANHA,12,9,18900,63.49,47.62,37.04,37.04,58.2,44.09,43.21
2023,12,MONTANHA,6,3,18900,31.75,15.87,63.49,37.04,37.04,45.86,45.86
2024,1,MONTANHA,12,4,19752,60.75,20.25,31.75,63.49,37.04,44.09,46.74
2024,2,MONTANHA,16,12,19752,81.0,60.75,60.75,31.75,63.49,52.0,48.04
2024,3,MONTANHA,19,16,19752,96.19,81.0,81.0,60.75,31.75,57.83,51.84
2024,4,MONTANHA,11,6,19752,55.69,30.38,96.19,81.0,60.75,79.31,61.7
2024,5,MONTANHA,11,8,19752,55.69,40.5,55.69,96.19,81.0,77.63,64.81
2024,6,MONTANHA,10,5,19752,50.63,25.31,55.69,55.69,96.19,69.19,63.51
2024,7,MONTANHA,6,2,19752,30.38,10.13,50.63,55.69,55.69,54.0,66.66
2024,8,MONTANHA,21,12,19752,106.32,60.75,30.38,50.63,55.69,45.57,61.6
2024,9,MONTANHA,16,9,19752,81.0,45.57,106.32,30.38,50.63,62.44,65.82
2024,10,MONTANHA,16,9,19752,81.0,45.57,81.0,106.32,30.38,72.57,63.28
2024,11,MONTANHA,20,10,19752,101.26,50.63,81.0,81.0,106.32,89.44,67.5
2024,12,MONTANHA,17,11,19752,86.07,55.69,101.26,81.0,81.0,87.75,75.1
2025,1,MONTANHA,19,16,19830,95.81,80.69,86.07,101.26,81.0,89.44,81.01
2025,2,MONTANHA,26,17,19830,131.11,85.73,95.81,86.07,101.26,94.38,91.91
2025,3,MONTANHA,17,10,19830,85.73,50.43,131.11,95.81,86.07,104.33,96.04
2025,4,MONTANHA,16,10,19830,80.69,50.43,85.73,131.11,95.81,104.22,96.83
2025,5,MONTANHA,18,15,19830,90.77,75.64,80.69,85.73,131.11,99.18,96.78
2025,6,MONTANHA,20,11,19830,100.86,55.47,90.77,80.69,85.73,85.73,95.03
2025,7,MONTANHA,18,14,19830,90.77,70.6,100.86,90.77,80.69,90.77,97.5
2025,8,MONTANHA,15,12,19830,75.64,60.51,90.77,100.86,90.77,94.13,96.66
2025,9,MONTANHA,19,15,19830,95.81,75.64,75.64,90.77,100.86,89.09,87.41
2025,10,MONTANHA,14,11,19830,70.6,55.47,95.81,75.64,90.77,87.41,89.09
2025,11,MONTANHA,15,8,19830,75.64,40.34,70.6,95.81,75.64,80.68,87.41
2025,12,MONTANHA,10,4,19830,50.43,20.17,75.64,70.6,95.81,80.68,84.89
2023,1,MUCURICI,0,0,5466,0.0,0.0,,,,,
2023,2,MUCURICI,1,0,5466,18.29,0.0,0.0,,,,
2023,3,MUCURICI,0,0,5466,0.0,0.0,18.29,0.0,,,
2023,4,MUCURICI,2,2,5466,36.59,36.59,0.0,18.29,0.0,6.1,
2023,5,MUCURICI,5,4,5466,91.47,73.18,36.59,0.0,18.29,18.29,
2023,6,MUCURICI,0,0,5466,0.0,0.0,91.47,36.59,0.0,42.69,
2023,7,MUCURICI,1,1,5466,18.29,18.29,0.0,91.47,36.59,42.69,24.39
2023,8,MUCURICI,2,1,5466,36.59,18.29,18.29,0.0,91.47,36.59,27.44
2023,9,MUCURICI,2,2,5466,36.59,36.59,36.59,18.29,0.0,18.29,30.49
2023,10,MUCURICI,2,1,5466,36.59,18.29,36.59,36.59,18.29,30.49,36.59
2023,11,MUCURICI,1,1,5466,18.29,18.29,36.59,36.59,36.59,36.59,36.59
2023,12,MUCURICI,3,2,5466,54.88,36.59,18.29,36.59,36.59,30.49,24.39
2024,1,MUCURICI,0,0,5660,0.0,0.0,54.88,18.29,36.59,36.59,33.54
2024,2,MUCURICI,1,1,5660,17.67,17.67,0.0,54.88,18.29,24.39,30.49
2024,3,MUCURICI,2,1,5660,35.34,17.67,17.67,0.0,54.88,24.18,27.34
2024,4,MUCURICI,1,1,5660,17.67,17.67,35.34,17.67,0.0,17.67,27.13
2024,5,MUCURICI,1,1,5660,17.67,17.67,17.67,35.34,17.67,23.56,23.98
2024,6,MUCURICI,6,3,5660,106.01,53.0,17.67,17.67,35.34,23.56,23.87
2024,7,MUCURICI,3,1,5660,53.0,17.67,106.01,17.67,17.67,47.12,32.39
2024,8,MUCURICI,4,4,5660,70.67,70.67,53.0,106.01,17.67,58.89,41.23
2024,9,MUCURICI,0,0,5660,0.0,0.0,70.67,53.0,106.01,76.56,50.06
2024,10,MUCURICI,1,1,5660,17.67,17.67,0.0,70.67,53.0,41.22,44.17
2024,11,MUCURICI,1,1,5660,17.67,17.67,17.67,0.0,70.67,29.45,44.17
2024,12,MUCURICI,2,1,5660,35.34,17.67,17.67,17.67,0.0,11.78,44.17
2025,1,MUCURICI,2,2,5653,35.38,35.38,35.34,17.67,17.67,23.56,32.39
2025,2,MUCURICI,1,1,5653,17.69,17.69,35.38,35.34,17.67,29.46,29.46
2025,3,MUCURICI,0,0,5653,0.0,0.0,17.69,35.38,35.34,29.47,20.63
2025,4,MUCURICI,2,2,5653,35.38,35.38,0.0,17.69,35.38,17.69,20.63
2025,5,MUCURICI,1,0,5653,17.69,0.0,35.38,0.0,17.69,17.69,23.58
2025,6,MUCURICI,8,6,5653,141.52,106.14,17.69,35.38,0.0,17.69,23.58
2025,7,MUCURICI,2,1,5653,35.38,17.69,141.52,17.69,35.38,64.86,41.28
2025,8,MUCURICI,3,2,5653,53.07,35.38,35.38,141.52,17.69,64.86,41.28
2025,9,MUCURICI,3,2,5653,53.07,35.38,53.07,35.38,141.52,76.66,47.17
2025,10,MUCURICI,4,3,5653,70.76,53.07,53.07,53.07,35.38,47.17,56.02
2025,11,MUCURICI,0,0,5653,0.0,0.0,70.76,53.07,53.07,58.97,61.92
2025,12,MUCURICI,2,1,5653,35.38,17.69,0.0,70.76,53.07,41.28,58.97
2023,1,MUNIZ FREIRE,4,1,18153,22.03,5.51,,,,,
2023,2,MUNIZ FREIRE,10,4,18153,55.09,22.03,22.03,,,,
2023,3,MUNIZ FREIRE,0,0,18153,0.0,0.0,55.09,22.03,,,
2023,4,MUNIZ FREIRE,2,1,18153,11.02,5.51,0.0,55.09,22.03,25.71,
2023,5,MUNIZ FREIRE,2,0,18153,11.02,0.0,11.02,0.0,55.09,22.04,
2023,6,MUNIZ FREIRE,8,4,18153,44.07,22.03,11.02,11.02,0.0,7.35,
2023,7,MUNIZ FREIRE,4,3,18153,22.03,16.53,44.07,11.02,11.02,22.04,23.87
2023,8,MUNIZ FREIRE,3,0,18153,16.53,0.0,22.03,44.07,11.02,25.71,23.87
2023,9,MUNIZ FREIRE,6,1,18153,33.05,5.51,16.53,22.03,44.07,27.54,17.44
2023,10,MUNIZ FREIRE,5,2,18153,27.54,11.02,33.05,16.53,22.03,23.87,22.95
2023,11,MUNIZ FREIRE,9,1,18153,49.58,5.51,27.54,33.05,16.53,25.71,25.71
2023,12,MUNIZ FREIRE,8,3,18153,44.07,16.53,49.58,27.54,33.05,36.72,32.13
2024,1,MUNIZ FREIRE,5,1,18811,26.58,5.32,44.07,49.58,27.54,40.4,32.13
2024,2,MUNIZ FREIRE,1,0,18811,5.32,0.0,26.58,44.07,49.58,40.08,32.89
2024,3,MUNIZ FREIRE,3,2,18811,15.95,10.63,5.32,26.58,44.07,25.32,31.02
2024,4,MUNIZ FREIRE,7,5,18811,37.21,26.58,15.95,5.32,26.58,15.95,28.17
2024,5,MUNIZ FREIRE,2,2,18811,10.63,10.63,37.21,15.95,5.32,19.49,29.78
2024,6,MUNIZ FREIRE,4,3,18811,21.26,15.95,10.63,37.21,15.95,21.26,23.29
2024,7,MUNIZ FREIRE,7,0,18811,37.21,0.0,21.26,10.63,37.21,23.03,19.49
2024,8,MUNIZ FREIRE,9,3,18811,47.84,15.95,37.21,21.26,10.63,23.03,21.26
2024,9,MUNIZ FREIRE,6,3,18811,31.9,15.95,47.84,37.21,21.26,35.44,28.35
2024,10,MUNIZ FREIRE,3,2,18811,15.95,10.63,31.9,47.84,37.21,38.98,31.01
2024,11,MUNIZ FREIRE,3,2,18811,15.95,10.63,15.95,31.9,47.84,31.9,27.47
2024,12,MUNIZ FREIRE,5,3,18811,26.58,15.95,15.95,15.95,31.9,21.27,28.35
2025,1,MUNIZ FREIRE,7,1,18809,37.22,5.32,26.58,15.95,15.95,19.49,29.24
2025,2,MUNIZ FREIRE,6,2,18809,31.9,10.63,37.22,26.58,15.95,26.58,29.24
2025,3,MUNIZ FREIRE,15,2,18809,79.75,10.63,31.9,37.22,26.58,31.9,26.58
2025,4,MUNIZ FREIRE,6,1,18809,31.9,5.32,79.75,31.9,37.22,49.62,34.56
2025,5,MUNIZ FREIRE,10,6,18809,53.17,31.9,31.9,79.75,31.9,47.85,37.22
2025,6,MUNIZ FREIRE,7,3,18809,37.22,15.95,53.17,31.9,79.75,54.94,43.42
2025,7,MUNIZ FREIRE,19,12,18809,101.02,63.8,37.22,53.17,31.9,40.76,45.19
2025,8,MUNIZ FREIRE,6,2,18809,31.9,10.63,101.02,37.22,53.17,63.8,55.83
2025,9,MUNIZ FREIRE,13,7,18809,69.12,37.22,31.9,101.02,37.22,56.71,55.83
2025,10,MUNIZ FREIRE,17,9,18809,90.38,47.85,69.12,31.9,101.02,67.35,54.06
2025,11,MUNIZ FREIRE,7,3,18809,37.22,15.95,90.38,69.12,31.9,63.8,63.8
2025,12,MUNIZ FREIRE,5,4,18809,26.58,21.27,37.22,90.38,69.12,65.57,61.14
2023,1,MUQUI,13,5,13745,94.58,36.38,,,,,
2023,2,MUQUI,12,1,13745,87.3,7.28,94.58,,,,
2023,3,MUQUI,4,0,13745,29.1,0.0,87.3,94.58,,,
2023,4,MUQUI,4,1,13745,29.1,7.28,29.1,87.3,94.58,70.33,
2023,5,MUQUI,5,5,13745,36.38,36.38,29.1,29.1,87.3,48.5,
2023,6,MUQUI,8,1,13745,58.2,7.28,36.38,29.1,29.1,31.53,
2023,7,MUQUI,11,5,13745,80.03,36.38,58.2,36.38,29.1,41.23,55.78
2023,8,MUQUI,11,2,13745,80.03,14.55,80.03,58.2,36.38,58.2,53.35
2023,9,MUQUI,10,3,13745,72.75,21.83,80.03,80.03,58.2,72.75,52.14
2023,10,MUQUI,8,1,13745,58.2,7.28,72.75,80.03,80.03,77.6,59.42
2023,11,MUQUI,3,0,13745,21.83,0.0,58.2,72.75,80.03,70.33,64.26
2023,12,MUQUI,6,3,13745,43.65,21.83,21.83,58.2,72.75,50.93,61.84
2024,1,MUQUI,6,1,14213,42.21,7.04,43.65,21.83,58.2,41.23,59.41
2024,2,MUQUI,6,2,14213,42.21,14.07,42.21,43.65,21.83,35.9,53.11
2024,3,MUQUI,8,2,14213,56.29,14.07,42.21,42.21,43.65,42.69,46.81
2024,4,MUQUI,4,2,14213,28.14,14.07,56.29,42.21,42.21,46.9,44.06
2024,5,MUQUI,9,4,14213,63.32,28.14,28.14,56.29,42.21,42.21,39.06
2024,6,MUQUI,5,1,14213,35.18,7.04,63.32,28.14,56.29,49.25,45.97
2024,7,MUQUI,2,1,14213,14.07,7.04,35.18,63.32,28.14,42.21,44.56
2024,8,MUQUI,5,2,14213,35.18,14.07,14.07,35.18,63.32,37.52,39.87
2024,9,MUQUI,7,2,14213,49.25,14.07,35.18,14.07,35.18,28.14,38.7
2024,10,MUQUI,6,0,14213,42.21,0.0,49.25,35.18,14.07,32.83,37.52
2024,11,MUQUI,7,1,14213,49.25,7.04,42.21,49.25,35.18,42.21,39.87
2024,12,MUQUI,8,0,14213,56.29,0.0,49.25,42.21,49.25,46.9,37.52
2025,1,MUQUI,8,3,14185,56.4,21.15,56.29,49.25,42.21,49.25,41.04
2025,2,MUQUI,13,2,14185,91.65,14.1,56.4,56.29,49.25,53.98,48.1
2025,3,MUQUI,5,0,14185,35.25,0.0,91.65,56.4,56.29,68.11,57.51
2025,4,MUQUI,9,1,14185,63.45,7.05,35.25,91.65,56.4,61.1,55.18
2025,5,MUQUI,11,3,14185,77.55,21.15,63.45,35.25,91.65,63.45,58.72
2025,6,MUQUI,7,2,14185,49.35,14.1,77.55,63.45,35.25,58.75,63.43
2025,7,MUQUI,11,2,14185,77.55,14.1,49.35,77.55,63.45,63.45,62.28
2025,8,MUQUI,13,2,14185,91.65,14.1,77.55,49.35,77.55,68.15,65.8
2025,9,MUQUI,12,2,14185,84.6,14.1,91.65,77.55,49.35,72.85,65.8
2025,10,MUQUI,11,4,14185,77.55,28.2,84.6,91.65,77.55,84.6,74.02
2025,11,MUQUI,8,2,14185,56.4,14.1,77.55,84.6,91.65,84.6,76.38
2025,12,MUQUI,19,5,14185,133.94,35.25,56.4,77.55,84.6,72.85,72.85
2023,1,NOVA VENECIA,45,17,49065,91.72,34.65,,,,,
2023,2,NOVA VENECIA,54,24,49065,110.06,48.91,91.72,,,,
2023,3,NOVA VENECIA,43,11,49065,87.64,22.42,110.06,91.72,,,
2023,4,NOVA VENECIA,37,14,49065,75.41,28.53,87.64,110.06,91.72,96.47,
2023,5,NOVA VENECIA,45,21,49065,91.72,42.8,75.41,87.64,110.06,91.04,
2023,6,NOVA VENECIA,35,14,49065,71.33,28.53,91.72,75.41,87.64,84.92,
2023,7,NOVA VENECIA,63,25,49065,128.4,50.95,71.33,91.72,75.41,79.49,87.98
2023,8,NOVA VENECIA,64,25,49065,130.44,50.95,128.4,71.33,91.72,97.15,94.09
2023,9,NOVA VENECIA,42,16,49065,85.6,32.61,130.44,128.4,71.33,110.06,97.49
2023,10,NOVA VENECIA,45,23,49065,91.72,46.88,85.6,130.44,128.4,114.81,97.15
2023,11,NOVA VENECIA,48,26,49065,97.83,52.99,91.72,85.6,130.44,102.59,99.87
2023,12,NOVA VENECIA,33,13,49065,67.26,26.5,97.83,91.72,85.6,91.72,100.89
2024,1,NOVA VENECIA,34,17,52084,65.28,32.64,67.26,97.83,91.72,85.6,100.21
2024,2,NOVA VENECIA,42,22,52084,80.64,42.24,65.28,67.26,97.83,76.79,89.69
2024,3,NOVA VENECIA,59,21,52084,113.28,40.32,80.64,65.28,67.26,71.06,81.39
2024,4,NOVA VENECIA,49,23,52084,94.08,44.16,113.28,80.64,65.28,86.4,86.0
2024,5,NOVA VENECIA,43,22,52084,82.56,42.24,94.08,113.28,80.64,96.0,86.4
2024,6,NOVA VENECIA,57,24,52084,109.44,46.08,82.56,94.08,113.28,96.64,83.85
2024,7,NOVA VENECIA,45,20,52084,86.4,38.4,109.44,82.56,94.08,95.36,90.88
2024,8,NOVA VENECIA,55,23,52084,105.6,44.16,86.4,109.44,82.56,92.8,94.4
2024,9,NOVA VENECIA,33,12,52084,63.36,23.04,105.6,86.4,109.44,100.48,98.56
2024,10,NOVA VENECIA,43,22,52084,82.56,42.24,63.36,105.6,86.4,85.12,90.24
2024,11,NOVA VENECIA,44,17,52084,84.48,32.64,82.56,63.36,105.6,83.84,88.32
2024,12,NOVA VENECIA,46,16,52084,88.32,30.72,84.48,82.56,63.36,76.8,88.64
2025,1,NOVA VENECIA,51,25,52324,97.47,47.78,88.32,84.48,82.56,85.12,85.12
2025,2,NOVA VENECIA,41,16,52324,78.36,30.58,97.47,88.32,84.48,90.09,86.96
2025,3,NOVA VENECIA,37,14,52324,70.71,26.76,78.36,97.47,88.32,88.05,82.42
2025,4,NOVA VENECIA,40,19,52324,76.45,36.31,70.71,78.36,97.47,82.18,83.65
2025,5,NOVA VENECIA,46,18,52324,87.91,34.4,76.45,70.71,78.36,75.17,82.63
2025,6,NOVA VENECIA,61,29,52324,116.58,55.42,87.91,76.45,70.71,78.36,83.2
2025,7,NOVA VENECIA,42,23,52324,80.27,43.96,116.58,87.91,76.45,93.65,87.91
2025,8,NOVA VENECIA,49,24,52324,93.65,45.87,80.27,116.58,87.91,94.92,85.05
2025,9,NOVA VENECIA,58,21,52324,110.85,40.13,93.65,80.27,116.58,96.83,87.6
2025,10,NOVA VENECIA,51,17,52324,97.47,32.49,110.85,93.65,80.27,94.92,94.28
2025,11,NOVA VENECIA,39,18,52324,74.54,34.4,97.47,110.85,93.65,100.66,97.79
2025,12,NOVA VENECIA,29,9,52324,55.42,17.2,74.54,97.47,110.85,94.29,95.56
2023,1,PANCAS,21,12,18893,111.15,63.52,,,,,
2023,2,PANCAS,11,4,18893,58.22,21.17,111.15,,,,
2023,3,PANCAS,8,4,18893,42.34,21.17,58.22,111.15,,,
2023,4,PANCAS,9,5,18893,47.64,26.46,42.34,58.22,111.15,70.57,
2023,5,PANCAS,11,5,18893,58.22,26.46,47.64,42.34,58.22,49.4,
2023,6,PANCAS,2,1,18893,10.59,5.29,58.22,47.64,42.34,49.4,
2023,7,PANCAS,11,7,18893,58.22,37.05,10.59,58.22,47.64,38.82,54.69
2023,8,PANCAS,9,5,18893,47.64,26.46,58.22,10.59,58.22,42.34,45.87
2023,9,PANCAS,10,4,18893,52.93,21.17,47.64,58.22,10.59,38.82,44.11
2023,10,PANCAS,9,5,18893,47.64,26.46,52.93,47.64,58.22,52.93,45.87
2023,11,PANCAS,7,4,18893,37.05,21.17,47.64,52.93,47.64,49.4,45.87
2023,12,PANCAS,12,7,18893,63.52,37.05,37.05,47.64,52.93,45.87,42.34
2024,1,PANCAS,12,4,19270,62.27,20.76,63.52,37.05,47.64,49.4,51.17
2024,2,PANCAS,9,4,19270,46.7,20.76,62.27,63.52,37.05,54.28,51.84
2024,3,PANCAS,6,4,19270,31.14,20.76,46.7,62.27,63.52,57.5,51.68
2024,4,PANCAS,5,2,19270,25.95,10.38,31.14,46.7,62.27,46.7,48.05
2024,5,PANCAS,7,5,19270,36.33,25.95,25.95,31.14,46.7,34.6,44.44
2024,6,PANCAS,5,2,19270,25.95,10.38,36.33,25.95,31.14,31.14,44.32
2024,7,PANCAS,11,8,19270,57.08,41.52,25.95,36.33,25.95,29.41,38.06
2024,8,PANCAS,8,6,19270,41.52,31.14,57.08,25.95,36.33,39.79,37.19
2024,9,PANCAS,8,5,19270,41.52,25.95,41.52,57.08,25.95,41.52,36.33
2024,10,PANCAS,14,8,19270,72.65,41.52,41.52,41.52,57.08,46.71,38.06
2024,11,PANCAS,17,8,19270,88.22,41.52,72.65,41.52,41.52,51.9,45.84
2024,12,PANCAS,2,2,19270,10.38,10.38,88.22,72.65,41.52,67.46,54.49
2025,1,PANCAS,12,8,19120,62.76,41.84,10.38,88.22,72.65,57.08,51.9
2025,2,PANCAS,8,5,19120,41.84,26.15,62.76,10.38,88.22,53.79,52.84
2025,3,PANCAS,15,7,19120,78.45,36.61,41.84,62.76,10.38,38.33,52.9
2025,4,PANCAS,13,8,19120,67.99,41.84,78.45,41.84,62.76,61.02,59.05
2025,5,PANCAS,5,4,19120,26.15,20.92,67.99,78.45,41.84,62.76,58.27
2025,6,PANCAS,14,6,19120,73.22,31.38,26.15,67.99,78.45,57.53,47.93
2025,7,PANCAS,11,7,19120,57.53,36.61,73.22,26.15,67.99,55.79,58.4
2025,8,PANCAS,8,5,19120,41.84,26.15,57.53,73.22,26.15,52.3,57.53
2025,9,PANCAS,12,9,19120,62.76,47.07,41.84,57.53,73.22,57.53,57.53
2025,10,PANCAS,21,13,19120,109.83,67.99,62.76,41.84,57.53,54.04,54.92
2025,11,PANCAS,16,8,19120,83.68,41.84,109.83,62.76,41.84,71.48,61.89
2025,12,PANCAS,12,5,19120,62.76,26.15,83.68,109.83,62.76,85.42,71.48
2023,1,PEDRO CANARIO,10,2,21522,46.46,9.29,,,,,
2023,2,PEDRO CANARIO,3,2,21522,13.94,9.29,46.46,,,,
2023,3,PEDRO CANARIO,12,10,21522,55.76,46.46,13.94,46.46,,,
2023,4,PEDRO CANARIO,14,7,21522,65.05,32.52,55.76,13.94,46.46,38.72,
2023,5,PEDRO CANARIO,16,12,21522,74.34,55.76,65.05,55.76,13.94,44.92,
2023,6,PEDRO CANARIO,20,7,21522,92.93,32.52,74.34,65.05,55.76,65.05,
2023,7,PEDRO CANARIO,9,7,21522,41.82,32.52,92.93,74.34,65.05,77.44,58.08
2023,8,PEDRO CANARIO,8,3,21522,37.17,13.94,41.82,92.93,74.34,69.7,57.31
2023,9,PEDRO CANARIO,6,4,21522,27.88,18.59,37.17,41.82,92.93,57.31,61.18
2023,10,PEDRO CANARIO,10,4,21522,46.46,18.59,27.88,37.17,41.82,35.62,56.53
2023,11,PEDRO CANARIO,7,3,21522,32.52,13.94,46.46,27.88,37.17,37.17,53.43
2023,12,PEDRO CANARIO,12,2,21522,55.76,9.29,32.52,46.46,27.88,35.62,46.46
2024,1,PEDRO CANARIO,16,10,22048,72.57,45.36,55.76,32.52,46.46,44.91,40.27
2024,2,PEDRO CANARIO,8,5,22048,36.28,22.68,72.57,55.76,32.52,53.62,45.39
2024,3,PEDRO CANARIO,14,8,22048,63.5,36.28,36.28,72.57,55.76,54.87,45.24
2024,4,PEDRO CANARIO,17,8,22048,77.1,36.28,63.5,36.28,72.57,57.45,51.18
2024,5,PEDRO CANARIO,11,8,22048,49.89,36.28,77.1,63.5,36.28,58.96,56.29
2024,6,PEDRO CANARIO,8,4,22048,36.28,18.14,49.89,77.1,63.5,63.5,59.18
2024,7,PEDRO CANARIO,13,13,22048,58.96,58.96,36.28,49.89,77.1,54.42,55.94
2024,8,PEDRO CANARIO,18,14,22048,81.64,63.5,58.96,36.28,49.89,48.38,53.67
2024,9,PEDRO CANARIO,11,7,22048,49.89,31.75,81.64,58.96,36.28,58.96,61.23
2024,10,PEDRO CANARIO,15,6,22048,68.03,27.21,49.89,81.64,58.96,63.5,58.96
2024,11,PEDRO CANARIO,14,9,22048,63.5,40.82,68.03,49.89,81.64,66.52,57.45
2024,12,PEDRO CANARIO,13,5,22048,58.96,22.68,63.5,68.03,49.89,60.47,59.72
2025,1,PEDRO CANARIO,16,10,21923,72.98,45.61,58.96,63.5,68.03,63.5,63.5
2025,2,PEDRO CANARIO,16,6,21923,72.98,27.37,72.98,58.96,63.5,65.15,65.83
2025,3,PEDRO CANARIO,16,12,21923,72.98,54.74,72.98,72.98,58.96,68.31,64.39
2025,4,PEDRO CANARIO,12,6,21923,54.74,27.37,72.98,72.98,72.98,72.98,68.24
2025,5,PEDRO CANARIO,19,12,21923,86.67,54.74,54.74,72.98,72.98,66.9,66.02
2025,6,PEDRO CANARIO,17,10,21923,77.54,45.61,86.67,54.74,72.98,71.46,69.89
2025,7,PEDRO CANARIO,14,8,21923,63.86,36.49,77.54,86.67,54.74,72.98,72.98
2025,8,PEDRO CANARIO,18,6,21923,82.11,27.37,63.86,77.54,86.67,76.02,71.46
2025,9,PEDRO CANARIO,22,14,21923,100.35,63.86,82.11,63.86,77.54,74.5,72.98
2025,10,PEDRO CANARIO,24,16,21923,109.47,72.98,100.35,82.11,63.86,82.11,77.54
2025,11,PEDRO CANARIO,13,10,21923,59.3,45.61,109.47,100.35,82.11,97.31,86.67
2025,12,PEDRO CANARIO,9,8,21923,41.05,36.49,59.3,109.47,100.35,89.71,82.1
2023,1,PINHEIROS,11,9,23915,46.0,37.63,,,,,
2023,2,PINHEIROS,11,8,23915,46.0,33.45,46.0,,,,
2023,3,PINHEIROS,4,1,23915,16.73,4.18,46.0,46.0,,,
2023,4,PINHEIROS,12,7,23915,50.18,29.27,16.73,46.0,46.0,36.24,
2023,5,PINHEIROS,13,9,23915,54.36,37.63,50.18,16.73,46.0,37.64,
2023,6,PINHEIROS,17,14,23915,71.09,58.54,54.36,50.18,16.73,40.42,
2023,7,PINHEIROS,20,11,23915,83.63,46.0,71.09,54.36,50.18,58.54,47.39
2023,8,PINHEIROS,14,10,23915,58.54,41.81,83.63,71.09,54.36,69.69,53.66
2023,9,PINHEIROS,10,6,23915,41.81,25.09,58.54,83.63,71.09,71.09,55.76
2023,10,PINHEIROS,21,12,23915,87.81,50.18,41.81,58.54,83.63,61.33,59.93
2023,11,PINHEIROS,21,14,23915,87.81,58.54,87.81,41.81,58.54,62.72,66.21
2023,12,PINHEIROS,16,11,23915,66.9,46.0,87.81,87.81,41.81,72.48,71.78
2024,1,PINHEIROS,18,11,24825,72.51,44.31,66.9,87.81,87.81,80.84,71.08
2024,2,PINHEIROS,9,4,24825,36.25,16.11,72.51,66.9,87.81,75.74,69.23
2024,3,PINHEIROS,11,9,24825,44.31,36.25,36.25,72.51,66.9,58.55,65.52
2024,4,PINHEIROS,18,13,24825,72.51,52.37,44.31,36.25,72.51,51.02,65.93
2024,5,PINHEIROS,9,5,24825,36.25,20.14,72.51,44.31,36.25,51.02,63.38
2024,6,PINHEIROS,12,8,24825,48.34,32.23,36.25,72.51,44.31,51.02,54.79
2024,7,PINHEIROS,13,11,24825,52.37,44.31,48.34,36.25,72.51,52.37,51.7
2024,8,PINHEIROS,15,8,24825,60.42,32.23,52.37,48.34,36.25,45.65,48.34
2024,9,PINHEIROS,9,7,24825,36.25,28.2,60.42,52.37,48.34,53.71,52.37
2024,10,PINHEIROS,12,8,24825,48.34,32.23,36.25,60.42,52.37,49.68,51.02
2024,11,PINHEIROS,6,3,24825,24.17,12.08,48.34,36.25,60.42,48.34,47.0
2024,12,PINHEIROS,4,3,24825,16.11,12.08,24.17,48.34,36.25,36.25,44.98
2025,1,PINHEIROS,15,14,24843,60.38,56.35,16.11,24.17,48.34,29.54,39.61
2025,2,PINHEIROS,10,7,24843,40.25,28.18,60.38,16.11,24.17,33.55,40.94
2025,3,PINHEIROS,10,8,24843,40.25,32.2,40.25,60.38,16.11,38.91,37.58
2025,4,PINHEIROS,12,8,24843,48.3,32.2,40.25,40.25,60.38,46.96,38.25
2025,5,PINHEIROS,17,11,24843,68.43,44.28,48.3,40.25,40.25,42.93,38.24
2025,6,PINHEIROS,20,12,24843,80.51,48.3,68.43,48.3,40.25,52.33,45.62
2025,7,PINHEIROS,15,12,24843,60.38,48.3,80.51,68.43,48.3,65.75,56.35
2025,8,PINHEIROS,21,17,24843,84.53,68.43,60.38,80.51,68.43,69.77,56.35
2025,9,PINHEIROS,14,10,24843,56.35,40.25,84.53,60.38,80.51,75.14,63.73
2025,10,PINHEIROS,24,12,24843,96.61,48.3,56.35,84.53,60.38,67.09,66.42
2025,11,PINHEIROS,15,11,24843,60.38,44.28,96.61,56.35,84.53,79.16,74.47
2025,12,PINHEIROS,9,7,24843,36.23,28.18,60.38,96.61,56.35,71.11,73.13
2023,1,PIUMA,22,12,22300,98.65,53.81,,,,,
2023,2,PIUMA,21,11,22300,94.17,49.33,98.65,,,,
2023,3,PIUMA,23,10,22300,103.14,44.84,94.17,98.65,,,
2023,4,PIUMA,16,5,22300,71.75,22.42,103.14,94.17,98.65,98.65,
2023,5,PIUMA,21,12,22300,94.17,53.81,71.75,103.14,94.17,89.69,
2023,6,PIUMA,32,16,22300,143.5,71.75,94.17,71.75,103.14,89.69,
2023,7,PIUMA,20,13,22300,89.69,58.3,143.5,94.17,71.75,103.14,100.9
2023,8,PIUMA,28,15,22300,125.56,67.26,89.69,143.5,94.17,109.12,99.4
2023,9,PIUMA,21,12,22300,94.17,53.81,125.56,89.69,143.5,119.58,104.64
2023,10,PIUMA,21,12,22300,94.17,53.81,94.17,125.56,89.69,103.14,103.14
2023,11,PIUMA,17,6,22300,76.23,26.91,94.17,94.17,125.56,104.63,106.88
2023,12,PIUMA,22,11,22300,98.65,49.33,76.23,94.17,94.17,88.19,103.89
2024,1,PIUMA,29,19,23682,122.46,80.23,98.65,76.23,94.17,89.68,96.41
2024,2,PIUMA,20,10,23682,84.45,42.23,122.46,98.65,76.23,99.11,101.87
2024,3,PIUMA,23,7,23682,97.12,29.56,84.45,122.46,98.65,101.85,95.02
2024,4,PIUMA,17,6,23682,71.78,25.34,97.12,84.45,122.46,101.34,95.51
2024,5,PIUMA,40,20,23682,168.9,84.45,71.78,97.12,84.45,84.45,91.78
2024,6,PIUMA,21,12,23682,88.67,50.67,168.9,71.78,97.12,112.6,107.23
2024,7,PIUMA,17,7,23682,71.78,29.56,88.67,168.9,71.78,109.78,105.56
2024,8,PIUMA,25,13,23682,105.57,54.89,71.78,88.67,168.9,109.78,97.12
2024,9,PIUMA,20,8,23682,84.45,33.78,105.57,71.78,88.67,88.67,100.64
2024,10,PIUMA,26,10,23682,109.79,42.23,84.45,105.57,71.78,87.27,98.52
2024,11,PIUMA,29,9,23682,122.46,38.0,109.79,84.45,105.57,99.94,104.86
2024,12,PIUMA,14,8,23682,59.12,33.78,122.46,109.79,84.45,105.57,97.12
2025,1,PIUMA,30,11,23912,125.46,46.0,59.12,122.46,109.79,97.12,92.2
2025,2,PIUMA,24,10,23912,100.37,41.82,125.46,59.12,122.46,102.35,101.14
2025,3,PIUMA,21,11,23912,87.82,46.0,100.37,125.46,59.12,94.98,100.28
2025,4,PIUMA,24,9,23912,100.37,37.64,87.82,100.37,125.46,104.55,100.84
2025,5,PIUMA,21,12,23912,87.82,50.18,100.37,87.82,100.37,96.19,99.27
2025,6,PIUMA,17,9,23912,71.09,37.64,87.82,100.37,87.82,92.0,93.49
2025,7,PIUMA,29,18,23912,121.28,75.28,71.09,87.82,100.37,86.43,95.49
2025,8,PIUMA,33,19,23912,138.01,79.46,121.28,71.09,87.82,93.4,94.79
2025,9,PIUMA,29,12,23912,121.28,50.18,138.01,121.28,71.09,110.13,101.06
2025,10,PIUMA,28,12,23912,117.1,50.18,121.28,138.01,121.28,126.86,106.64
2025,11,PIUMA,32,19,23912,133.82,79.46,117.1,121.28,138.01,125.46,109.43
2025,12,PIUMA,20,11,23912,83.64,46.0,133.82,117.1,121.28,124.07,117.1
2023,1,PONTO BELO,2,1,6497,30.78,15.39,,,,,
2023,2,PONTO BELO,5,1,6497,76.96,15.39,30.78,,,,
2023,3,PONTO BELO,1,1,6497,15.39,15.39,76.96,30.78,,,
2023,4,PONTO BELO,1,1,6497,15.39,15.39,15.39,76.96,30.78,41.04,
2023,5,PONTO BELO,0,0,6497,0.0,0.0,15.39,15.39,76.96,35.91,
2023,6,PONTO BELO,3,2,6497,46.18,30.78,0.0,15.39,15.39,10.26,
2023,7,PONTO BELO,3,2,6497,46.18,30.78,46.18,0.0,15.39,20.52,30.78
2023,8,PONTO BELO,3,1,6497,46.18,15.39,46.18,46.18,0.0,30.79,33.35
2023,9,PONTO BELO,2,1,6497,30.78,15.39,46.18,46.18,46.18,46.18,28.22
2023,10,PONTO BELO,1,1,6497,15.39,15.39,30.78,46.18,46.18,41.05,30.78
2023,11,PONTO BELO,2,1,6497,30.78,15.39,15.39,30.78,46.18,30.78,30.78
2023,12,PONTO BELO,3,1,6497,46.18,15.39,30.78,15.39,30.78,25.65,35.92
2024,1,PONTO BELO,4,4,6696,59.74,59.74,46.18,30.78,15.39,30.78,35.92
2024,2,PONTO BELO,1,0,6696,14.93,0.0,59.74,46.18,30.78,45.57,38.17
2024,3,PONTO BELO,1,1,6696,14.93,14.93,14.93,59.74,46.18,40.28,32.97
2024,4,PONTO BELO,4,2,6696,59.74,29.87,14.93,14.93,59.74,29.87,30.33
2024,5,PONTO BELO,3,0,6696,44.8,0.0,59.74,14.93,14.93,29.87,37.72
2024,6,PONTO BELO,1,1,6696,14.93,14.93,44.8,59.74,14.93,39.82,40.05
2024,7,PONTO BELO,1,0,6696,14.93,0.0,14.93,44.8,59.74,39.82,34.84
2024,8,PONTO BELO,3,1,6696,44.8,14.93,14.93,14.93,44.8,24.89,27.38
2024,9,PONTO BELO,5,2,6696,74.67,29.87,44.8,14.93,14.93,24.89,32.35
2024,10,PONTO BELO,2,1,6696,29.87,14.93,74.67,44.8,14.93,44.8,42.31
2024,11,PONTO BELO,5,5,6696,74.67,74.67,29.87,74.67,44.8,49.78,37.33
2024,12,PONTO BELO,4,2,6696,59.74,29.87,74.67,29.87,74.67,59.74,42.31
2025,1,PONTO BELO,1,1,6671,14.99,14.99,59.74,74.67,29.87,54.76,49.78
2025,2,PONTO BELO,4,4,6671,59.96,59.96,14.99,59.74,74.67,49.8,49.79
2025,3,PONTO BELO,2,1,6671,29.98,14.99,59.96,14.99,59.74,44.9,52.32
2025,4,PONTO BELO,5,3,6671,74.95,44.97,29.98,59.96,14.99,34.98,44.87
2025,5,PONTO BELO,3,3,6671,44.97,44.97,74.95,29.98,59.96,54.96,52.38
2025,6,PONTO BELO,5,1,6671,74.95,14.99,44.97,74.95,29.98,49.97,47.43
2025,7,PONTO BELO,3,3,6671,44.97,44.97,74.95,44.97,74.95,64.96,49.97
2025,8,PONTO BELO,1,1,6671,14.99,14.99,44.97,74.95,44.97,54.96,54.96
2025,9,PONTO BELO,1,0,6671,14.99,0.0,14.99,44.97,74.95,44.97,47.47
2025,10,PONTO BELO,5,3,6671,74.95,44.97,14.99,14.99,44.97,24.98,44.97
2025,11,PONTO BELO,2,0,6671,29.98,0.0,74.95,14.99,14.99,34.98,44.97
2025,12,PONTO BELO,1,0,6671,14.99,0.0,29.98,74.95,14.99,39.97,42.47
2023,1,PRESIDENTE KENNEDY,4,4,13696,29.21,29.21,,,,,
2023,2,PRESIDENTE KENNEDY,8,8,13696,58.41,58.41,29.21,,,,
2023,3,PRESIDENTE KENNEDY,7,4,13696,51.11,29.21,58.41,29.21,,,
2023,4,PRESIDENTE KENNEDY,10,4,13696,73.01,29.21,51.11,58.41,29.21,46.24,
2023,5,PRESIDENTE KENNEDY,3,1,13696,21.9,7.3,73.01,51.11,58.41,60.84,
2023,6,PRESIDENTE KENNEDY,6,3,13696,43.81,21.9,21.9,73.01,51.11,48.67,
2023,7,PRESIDENTE KENNEDY,8,2,13696,58.41,14.6,43.81,21.9,73.01,46.24,46.24
2023,8,PRESIDENTE KENNEDY,11,7,13696,80.32,51.11,58.41,43.81,21.9,41.37,51.11
2023,9,PRESIDENTE KENNEDY,8,2,13696,58.41,14.6,80.32,58.41,43.81,60.85,54.76
2023,10,PRESIDENTE KENNEDY,8,5,13696,58.41,36.51,58.41,80.32,58.41,65.71,55.98
2023,11,PRESIDENTE KENNEDY,11,4,13696,80.32,29.21,58.41,58.41,80.32,65.71,53.54
2023,12,PRESIDENTE KENNEDY,8,5,13696,58.41,36.51,80.32,58.41,58.41,65.71,63.28
2024,1,PRESIDENTE KENNEDY,13,12,14647,88.76,81.93,58.41,80.32,58.41,65.71,65.71
2024,2,PRESIDENTE KENNEDY,7,3,14647,47.79,20.48,88.76,58.41,80.32,75.83,70.77
2024,3,PRESIDENTE KENNEDY,7,4,14647,47.79,27.31,47.79,88.76,58.41,64.99,65.35
2024,4,PRESIDENTE KENNEDY,10,9,14647,68.27,61.45,47.79,47.79,88.76,61.45,63.58
2024,5,PRESIDENTE KENNEDY,9,7,14647,61.45,47.79,68.27,47.79,47.79,54.62,65.22
2024,6,PRESIDENTE KENNEDY,6,4,14647,40.96,27.31,61.45,68.27,47.79,59.17,62.08
2024,7,PRESIDENTE KENNEDY,4,1,14647,27.31,6.83,40.96,61.45,68.27,56.89,59.17
2024,8,PRESIDENTE KENNEDY,8,5,14647,54.62,34.14,27.31,40.96,61.45,43.24,48.93
2024,9,PRESIDENTE KENNEDY,5,3,14647,34.14,20.48,54.62,27.31,40.96,40.96,50.07
2024,10,PRESIDENTE KENNEDY,9,6,14647,61.45,40.96,34.14,54.62,27.31,38.69,47.79
2024,11,PRESIDENTE KENNEDY,8,3,14647,54.62,20.48,61.45,34.14,54.62,50.07,46.66
2024,12,PRESIDENTE KENNEDY,7,6,14647,47.79,40.96,54.62,61.45,34.14,50.07,45.52
2025,1,PRESIDENTE KENNEDY,8,3,14852,53.86,20.2,47.79,54.62,61.45,54.62,46.66
2025,2,PRESIDENTE KENNEDY,8,5,14852,53.86,33.67,53.86,47.79,54.62,52.09,51.08
2025,3,PRESIDENTE KENNEDY,7,2,14852,47.13,13.47,53.86,53.86,47.79,51.84,50.95
2025,4,PRESIDENTE KENNEDY,13,6,14852,87.53,40.4,47.13,53.86,53.86,51.62,53.12
2025,5,PRESIDENTE KENNEDY,14,5,14852,94.26,33.67,87.53,47.13,53.86,62.84,57.46
2025,6,PRESIDENTE KENNEDY,8,5,14852,53.86,33.67,94.26,87.53,47.13,76.31,64.07
2025,7,PRESIDENTE KENNEDY,11,3,14852,74.06,20.2,53.86,94.26,87.53,78.55,65.08
2025,8,PRESIDENTE KENNEDY,8,4,14852,53.86,26.93,74.06,53.86,94.26,74.06,68.45
2025,9,PRESIDENTE KENNEDY,16,6,14852,107.73,40.4,53.86,74.06,53.86,60.59,68.45
2025,10,PRESIDENTE KENNEDY,12,7,14852,80.8,47.13,107.73,53.86,74.06,78.55,78.55
2025,11,PRESIDENTE KENNEDY,4,2,14852,26.93,13.47,80.8,107.73,53.86,80.8,77.43
2025,12,PRESIDENTE KENNEDY,4,2,14852,26.93,13.47,26.93,80.8,107.73,71.82,66.21
2023,1,RIO BANANAL,4,1,19274,20.75,5.19,,,,,
2023,2,RIO BANANAL,4,1,19274,20.75,5.19,20.75,,,,
2023,3,RIO BANANAL,5,0,19274,25.94,0.0,20.75,20.75,,,
2023,4,RIO BANANAL,2,1,19274,10.38,5.19,25.94,20.75,20.75,22.48,
2023,5,RIO BANANAL,4,1,19274,20.75,5.19,10.38,25.94,20.75,19.02,
2023,6,RIO BANANAL,8,4,19274,41.51,20.75,20.75,10.38,25.94,19.02,
2023,7,RIO BANANAL,9,6,19274,46.7,31.13,41.51,20.75,10.38,24.21,23.35
2023,8,RIO BANANAL,12,2,19274,62.26,10.38,46.7,41.51,20.75,36.32,27.67
2023,9,RIO BANANAL,5,3,19274,25.94,15.57,62.26,46.7,41.51,50.16,34.59
2023,10,RIO BANANAL,10,4,19274,51.88,20.75,25.94,62.26,46.7,44.97,34.59
2023,11,RIO BANANAL,5,2,19274,25.94,10.38,51.88,25.94,62.26,46.69,41.51
2023,12,RIO BANANAL,3,1,19274,15.57,5.19,25.94,51.88,25.94,34.59,42.37
2024,1,RIO BANANAL,3,0,20229,14.83,0.0,15.57,25.94,51.88,31.13,38.05
2024,2,RIO BANANAL,10,1,20229,49.43,4.94,14.83,15.57,25.94,18.78,32.74
2024,3,RIO BANANAL,10,3,20229,49.43,14.83,49.43,14.83,15.57,26.61,30.6
2024,4,RIO BANANAL,7,0,20229,34.6,0.0,49.43,49.43,14.83,37.9,34.51
2024,5,RIO BANANAL,10,0,20229,49.43,0.0,34.6,49.43,49.43,44.49,31.63
2024,6,RIO BANANAL,16,1,20229,79.09,4.94,49.43,34.6,49.43,44.49,35.55
2024,7,RIO BANANAL,13,4,20229,64.26,19.77,79.09,49.43,34.6,54.37,46.14
2024,8,RIO BANANAL,7,1,20229,34.6,4.94,64.26,79.09,49.43,64.26,54.37
2024,9,RIO BANANAL,13,1,20229,64.26,4.94,34.6,64.26,79.09,59.32,51.9
2024,10,RIO BANANAL,11,4,20229,54.38,19.77,64.26,34.6,64.26,54.37,54.37
2024,11,RIO BANANAL,6,2,20229,29.66,9.89,54.38,64.26,34.6,51.08,57.67
2024,12,RIO BANANAL,5,2,20229,24.72,9.89,29.66,54.38,64.26,49.43,54.38
2025,1,RIO BANANAL,13,9,20350,63.88,44.23,24.72,29.66,54.38,36.25,45.31
2025,2,RIO BANANAL,7,7,20350,34.4,34.4,63.88,24.72,29.66,39.42,45.25
2025,3,RIO BANANAL,9,4,20350,44.23,19.66,34.4,63.88,24.72,41.0,45.22
2025,4,RIO BANANAL,5,3,20350,24.57,14.74,44.23,34.4,63.88,47.5,41.88
2025,5,RIO BANANAL,17,12,20350,83.54,58.97,24.57,44.23,34.4,34.4,36.91
2025,6,RIO BANANAL,23,16,20350,113.02,78.62,83.54,24.57,44.23,50.78,45.89
2025,7,RIO BANANAL,15,10,20350,73.71,49.14,113.02,83.54,24.57,73.71,60.61
2025,8,RIO BANANAL,17,11,20350,83.54,54.05,73.71,113.02,83.54,90.09,62.24
2025,9,RIO BANANAL,13,7,20350,63.88,34.4,83.54,73.71,113.02,90.09,70.43
2025,10,RIO BANANAL,15,5,20350,73.71,24.57,63.88,83.54,73.71,73.71,73.71
2025,11,RIO BANANAL,15,8,20350,73.71,39.31,73.71,63.88,83.54,73.71,81.9
2025,12,RIO BANANAL,11,6,20350,54.05,29.48,73.71,73.71,63.88,70.43,80.26
2023,1,RIO NOVO DO SUL,7,3,11069,63.24,27.1,,,,,
2023,2,RIO NOVO DO SUL,3,3,11069,27.1,27.1,63.24,,,,
2023,3,RIO NOVO DO SUL,5,4,11069,45.17,36.14,27.1,63.24,,,
2023,4,RIO NOVO DO SUL,2,2,11069,18.07,18.07,45.17,27.1,63.24,45.17,
2023,5,RIO NOVO DO SUL,6,2,11069,54.21,18.07,18.07,45.17,27.1,30.11,
2023,6,RIO NOVO DO SUL,4,3,11069,36.14,27.1,54.21,18.07,45.17,39.15,
2023,7,RIO NOVO DO SUL,8,7,11069,72.27,63.24,36.14,54.21,18.07,36.14,40.66
2023,8,RIO NOVO DO SUL,4,1,11069,36.14,9.03,72.27,36.14,54.21,54.21,42.16
2023,9,RIO NOVO DO SUL,8,5,11069,72.27,45.17,36.14,72.27,36.14,48.18,43.67
2023,10,RIO NOVO DO SUL,6,4,11069,54.21,36.14,72.27,36.14,72.27,60.23,48.18
2023,11,RIO NOVO DO SUL,7,3,11069,63.24,27.1,54.21,72.27,36.14,54.21,54.21
2023,12,RIO NOVO DO SUL,5,1,11069,45.17,9.03,63.24,54.21,72.27,63.24,55.71
2024,1,RIO NOVO DO SUL,5,1,11479,43.56,8.71,45.17,63.24,54.21,54.21,57.22
2024,2,RIO NOVO DO SUL,2,0,11479,17.42,0.0,43.56,45.17,63.24,50.66,52.43
2024,3,RIO NOVO DO SUL,7,4,11479,60.98,34.85,17.42,43.56,45.17,35.38,49.31
2024,4,RIO NOVO DO SUL,7,5,11479,60.98,43.56,60.98,17.42,43.56,40.65,47.43
2024,5,RIO NOVO DO SUL,9,4,11479,78.4,34.85,60.98,60.98,17.42,46.46,48.56
2024,6,RIO NOVO DO SUL,7,3,11479,60.98,26.13,78.4,60.98,60.98,66.79,51.08
2024,7,RIO NOVO DO SUL,8,4,11479,69.69,34.85,60.98,78.4,60.98,66.79,53.72
2024,8,RIO NOVO DO SUL,12,4,11479,104.54,34.85,69.69,60.98,78.4,69.69,58.08
2024,9,RIO NOVO DO SUL,8,5,11479,69.69,43.56,104.54,69.69,60.98,78.4,72.6
2024,10,RIO NOVO DO SUL,2,1,11479,17.42,8.71,69.69,104.54,69.69,81.31,74.05
2024,11,RIO NOVO DO SUL,6,3,11479,52.27,26.13,17.42,69.69,104.54,63.88,66.79
2024,12,RIO NOVO DO SUL,5,3,11479,43.56,26.13,52.27,17.42,69.69,46.46,62.43
2025,1,RIO NOVO DO SUL,6,4,11471,52.31,34.87,43.56,52.27,17.42,37.75,59.53
2025,2,RIO NOVO DO SUL,3,1,11471,26.15,8.72,52.31,43.56,52.27,49.38,56.63
2025,3,RIO NOVO DO SUL,4,2,11471,34.87,17.44,26.15,52.31,43.56,40.67,43.57
2025,4,RIO NOVO DO SUL,7,5,11471,61.02,43.59,34.87,26.15,52.31,37.78,37.76
2025,5,RIO NOVO DO SUL,8,4,11471,69.74,34.87,61.02,34.87,26.15,40.68,45.03
2025,6,RIO NOVO DO SUL,7,4,11471,61.02,34.87,69.74,61.02,34.87,55.21,47.94
2025,7,RIO NOVO DO SUL,6,4,11471,52.31,34.87,61.02,69.74,61.02,63.93,50.85
2025,8,RIO NOVO DO SUL,6,5,11471,52.31,43.59,52.31,61.02,69.74,61.02,50.85
2025,9,RIO NOVO DO SUL,5,2,11471,43.59,17.44,52.31,52.31,61.02,55.21,55.21
2025,10,RIO NOVO DO SUL,4,3,11471,34.87,26.15,43.59,52.31,52.31,49.4,56.66
2025,11,RIO NOVO DO SUL,8,6,11471,69.74,52.31,34.87,43.59,52.31,43.59,52.31
2025,12,RIO NOVO DO SUL,12,5,11471,104.61,43.59,69.74,34.87,43.59,49.4,52.31
2023,1,SANTA LEOPOLDINA,3,0,13106,22.89,0.0,,,,,
2023,2,SANTA LEOPOLDINA,1,0,13106,7.63,0.0,22.89,,,,
2023,3,SANTA LEOPOLDINA,8,5,13106,61.04,38.15,7.63,22.89,,,
2023,4,SANTA LEOPOLDINA,3,0,13106,22.89,0.0,61.04,7.63,22.89,30.52,
2023,5,SANTA LEOPOLDINA,0,0,13106,0.0,0.0,22.89,61.04,7.63,30.52,
2023,6,SANTA LEOPOLDINA,4,2,13106,30.52,15.26,0.0,22.89,61.04,27.98,
2023,7,SANTA LEOPOLDINA,1,1,13106,7.63,7.63,30.52,0.0,22.89,17.8,24.16
2023,8,SANTA LEOPOLDINA,2,1,13106,15.26,7.63,7.63,30.52,0.0,12.72,21.62
2023,9,SANTA LEOPOLDINA,4,1,13106,30.52,7.63,15.26,7.63,30.52,17.8,22.89
2023,10,SANTA LEOPOLDINA,6,4,13106,45.78,30.52,30.52,15.26,7.63,17.8,17.8
2023,11,SANTA LEOPOLDINA,6,4,13106,45.78,30.52,45.78,30.52,15.26,30.52,21.62
2023,12,SANTA LEOPOLDINA,3,1,13106,22.89,7.63,45.78,45.78,30.52,40.69,29.25
2024,1,SANTA LEOPOLDINA,4,0,13747,29.1,0.0,22.89,45.78,45.78,38.15,27.98
2024,2,SANTA LEOPOLDINA,1,0,13747,7.27,0.0,29.1,22.89,45.78,32.59,31.55
2024,3,SANTA LEOPOLDINA,2,2,13747,14.55,14.55,7.27,29.1,22.89,19.75,30.22
2024,4,SANTA LEOPOLDINA,3,2,13747,21.82,14.55,14.55,7.27,29.1,16.97,27.56
2024,5,SANTA LEOPOLDINA,6,5,13747,43.65,36.37,21.82,14.55,7.27,14.55,23.57
2024,6,SANTA LEOPOLDINA,7,2,13747,50.92,14.55,43.65,21.82,14.55,26.67,23.21
2024,7,SANTA LEOPOLDINA,5,4,13747,36.37,29.1,50.92,43.65,21.82,38.8,27.88
2024,8,SANTA LEOPOLDINA,8,1,13747,58.19,7.27,36.37,50.92,43.65,43.65,29.1
2024,9,SANTA LEOPOLDINA,7,3,13747,50.92,21.82,58.19,36.37,50.92,48.49,37.58
2024,10,SANTA LEOPOLDINA,4,1,13747,29.1,7.27,50.92,58.19,36.37,48.49,43.64
2024,11,SANTA LEOPOLDINA,6,5,13747,43.65,36.37,29.1,50.92,58.19,46.07,44.86
2024,12,SANTA LEOPOLDINA,5,3,13747,36.37,21.82,43.65,29.1,50.92,41.22,44.86
2025,1,SANTA LEOPOLDINA,4,3,13813,28.96,21.72,36.37,43.65,29.1,36.37,42.43
2025,2,SANTA LEOPOLDINA,3,3,13813,21.72,21.72,28.96,36.37,43.65,36.33,41.2
2025,3,SANTA LEOPOLDINA,9,7,13813,65.16,50.68,21.72,28.96,36.37,29.02,35.12
2025,4,SANTA LEOPOLDINA,11,4,13813,79.64,28.96,65.16,21.72,28.96,38.61,37.49
2025,5,SANTA LEOPOLDINA,3,0,13813,21.72,0.0,79.64,65.16,21.72,55.51,45.92
2025,6,SANTA LEOPOLDINA,9,7,13813,65.16,50.68,21.72,79.64,65.16,55.51,42.26
2025,7,SANTA LEOPOLDINA,11,7,13813,79.64,50.68,65.16,21.72,79.64,55.51,47.06
2025,8,SANTA LEOPOLDINA,8,5,13813,57.92,36.2,79.64,65.16,21.72,55.51,55.51
2025,9,SANTA LEOPOLDINA,10,9,13813,72.4,65.16,57.92,79.64,65.16,67.57,61.54
2025,10,SANTA LEOPOLDINA,8,5,13813,57.92,36.2,72.4,57.92,79.64,69.99,62.75
2025,11,SANTA LEOPOLDINA,5,2,13813,36.2,14.48,57.92,72.4,57.92,62.75,59.13
2025,12,SANTA LEOPOLDINA,6,3,13813,43.44,21.72,36.2,57.92,72.4,55.51,61.54
2023,1,SANTA MARIA DE JETIBA,24,18,41636,57.64,43.23,,,,,
2023,2,SANTA MARIA DE JETIBA,16,12,41636,38.43,28.82,57.64,,,,
2023,3,SANTA MARIA DE JETIBA,20,8,41636,48.04,19.21,38.43,57.64,,,
2023,4,SANTA MARIA DE JETIBA,18,13,41636,43.23,31.22,48.04,38.43,57.64,48.04,
2023,5,SANTA MARIA DE JETIBA,23,18,41636,55.24,43.23,43.23,48.04,38.43,43.23,
2023,6,SANTA MARIA DE JETIBA,27,20,41636,64.85,48.04,55.24,43.23,48.04,48.84,
2023,7,SANTA MARIA DE JETIBA,22,14,41636,52.84,33.62,64.85,55.24,43.23,54.44,51.24
2023,8,SANTA MARIA DE JETIBA,25,16,41636,60.04,38.43,52.84,64.85,55.24,57.64,50.44
2023,9,SANTA MARIA DE JETIBA,27,16,41636,64.85,38.43,60.04,52.84,64.85,59.24,54.04
2023,10,SANTA MARIA DE JETIBA,37,22,41636,88.87,52.84,64.85,60.04,52.84,59.24,56.84
2023,11,SANTA MARIA DE JETIBA,28,19,41636,67.25,45.63,88.87,64.85,60.04,71.25,64.45
2023,12,SANTA MARIA DE JETIBA,24,12,41636,57.64,28.82,67.25,88.87,64.85,73.66,66.45
2024,1,SANTA MARIA DE JETIBA,21,13,45062,46.6,28.85,57.64,67.25,88.87,71.25,65.25
2024,2,SANTA MARIA DE JETIBA,23,8,45062,51.04,17.75,46.6,57.64,67.25,57.16,64.21
2024,3,SANTA MARIA DE JETIBA,22,10,45062,48.82,22.19,51.04,46.6,57.64,51.76,62.71
2024,4,SANTA MARIA DE JETIBA,24,15,45062,53.26,33.29,48.82,51.04,46.6,48.82,60.04
2024,5,SANTA MARIA DE JETIBA,37,23,45062,82.11,51.04,53.26,48.82,51.04,51.04,54.1
2024,6,SANTA MARIA DE JETIBA,43,33,45062,95.42,73.23,82.11,53.26,48.82,61.4,56.58
2024,7,SANTA MARIA DE JETIBA,27,13,45062,59.92,28.85,95.42,82.11,53.26,76.93,62.88
2024,8,SANTA MARIA DE JETIBA,34,20,45062,75.45,44.38,59.92,95.42,82.11,79.15,65.1
2024,9,SANTA MARIA DE JETIBA,30,20,45062,66.57,44.38,75.45,59.92,95.42,76.93,69.16
2024,10,SANTA MARIA DE JETIBA,36,27,45062,79.89,59.92,66.57,75.45,59.92,67.31,72.12
2024,11,SANTA MARIA DE JETIBA,22,10,45062,48.82,22.19,79.89,66.57,75.45,73.97,76.56
2024,12,SANTA MARIA DE JETIBA,27,15,45062,59.92,33.29,48.82,79.89,66.57,65.09,71.01
2025,1,SANTA MARIA DE JETIBA,39,29,45575,85.57,63.63,59.92,48.82,79.89,62.88,65.1
2025,2,SANTA MARIA DE JETIBA,27,23,45575,59.24,50.47,85.57,59.92,48.82,64.77,69.37
2025,3,SANTA MARIA DE JETIBA,36,24,45575,78.99,52.66,59.24,85.57,59.92,68.24,66.67
2025,4,SANTA MARIA DE JETIBA,22,15,45575,48.27,32.91,78.99,59.24,85.57,74.6,68.74
2025,5,SANTA MARIA DE JETIBA,21,11,45575,46.08,24.14,48.27,78.99,59.24,62.17,63.47
2025,6,SANTA MARIA DE JETIBA,23,13,45575,50.47,28.52,46.08,48.27,78.99,57.78,63.01
2025,7,SANTA MARIA DE JETIBA,36,22,45575,78.99,48.27,50.47,46.08,48.27,48.27,61.44
2025,8,SANTA MARIA DE JETIBA,30,17,45575,65.83,37.3,78.99,50.47,46.08,58.51,60.34
2025,9,SANTA MARIA DE JETIBA,36,21,45575,78.99,46.08,65.83,78.99,50.47,65.1,61.44
2025,10,SANTA MARIA DE JETIBA,25,16,45575,54.85,35.11,78.99,65.83,78.99,74.6,61.44
2025,11,SANTA MARIA DE JETIBA,31,21,45575,68.02,46.08,54.85,78.99,65.83,66.56,62.54
2025,12,SANTA MARIA DE JETIBA,29,19,45575,63.63,41.69,68.02,54.85,78.99,67.29,66.19
2023,1,SANTA TERESA,9,4,22808,39.46,17.54,,,,,
2023,2,SANTA TERESA,7,3,22808,30.69,13.15,39.46,,,,
2023,3,SANTA TERESA,15,6,22808,65.77,26.31,30.69,39.46,,,
2023,4,SANTA TERESA,9,2,22808,39.46,8.77,65.77,30.69,39.46,45.31,
2023,5,SANTA TERESA,9,2,22808,39.46,8.77,39.46,65.77,30.69,45.31,
2023,6,SANTA TERESA,1,0,22808,4.38,0.0,39.46,39.46,65.77,48.23,
2023,7,SANTA TERESA,6,1,22808,26.31,4.38,4.38,39.46,39.46,27.77,36.54
2023,8,SANTA TERESA,10,3,22808,43.84,13.15,26.31,4.38,39.46,23.38,34.34
2023,9,SANTA TERESA,11,5,22808,48.23,21.92,43.84,26.31,4.38,24.84,36.54
2023,10,SANTA TERESA,3,0,22808,13.15,0.0,48.23,43.84,26.31,39.46,33.61
2023,11,SANTA TERESA,14,3,22808,61.38,13.15,13.15,48.23,43.84,35.07,29.23
2023,12,SANTA TERESA,2,2,22808,8.77,8.77,61.38,13.15,48.23,40.92,32.88
2024,1,SANTA TERESA,12,1,23796,50.43,4.2,8.77,61.38,13.15,27.77,33.61
2024,2,SANTA TERESA,15,4,23796,63.04,16.81,50.43,8.77,61.38,40.19,37.63
2024,3,SANTA TERESA,17,9,23796,71.44,37.82,63.04,50.43,8.77,40.75,40.83
2024,4,SANTA TERESA,14,5,23796,58.83,21.01,71.44,63.04,50.43,61.64,44.7
2024,5,SANTA TERESA,14,6,23796,58.83,25.21,58.83,71.44,63.04,64.44,52.32
2024,6,SANTA TERESA,21,8,23796,88.25,33.62,58.83,58.83,71.44,63.03,51.89
2024,7,SANTA TERESA,21,13,23796,88.25,54.63,88.25,58.83,58.83,68.64,65.14
2024,8,SANTA TERESA,9,7,23796,37.82,29.42,88.25,88.25,58.83,78.44,71.44
2024,9,SANTA TERESA,23,9,23796,96.65,37.82,37.82,88.25,88.25,71.44,67.24
2024,10,SANTA TERESA,22,13,23796,92.45,54.63,96.65,37.82,88.25,74.24,71.44
2024,11,SANTA TERESA,14,5,23796,58.83,21.01,92.45,96.65,37.82,75.64,77.04
2024,12,SANTA TERESA,9,6,23796,37.82,25.21,58.83,92.45,96.65,82.64,77.04
2025,1,SANTA TERESA,20,11,23872,83.78,46.08,37.82,58.83,92.45,63.03,68.64
2025,2,SANTA TERESA,15,8,23872,62.84,33.51,83.78,37.82,58.83,60.14,67.89
2025,3,SANTA TERESA,12,7,23872,50.27,29.32,62.84,83.78,37.82,61.48,72.06
2025,4,SANTA TERESA,20,10,23872,83.78,41.89,50.27,62.84,83.78,65.63,64.33
2025,5,SANTA TERESA,19,14,23872,79.59,58.65,83.78,50.27,62.84,65.63,62.89
2025,6,SANTA TERESA,8,5,23872,33.51,20.95,79.59,83.78,50.27,71.21,66.35
2025,7,SANTA TERESA,17,9,23872,71.21,37.7,33.51,79.59,83.78,65.63,65.63
2025,8,SANTA TERESA,34,9,23872,142.43,37.7,71.21,33.51,79.59,61.44,63.53
2025,9,SANTA TERESA,19,8,23872,79.59,33.51,142.43,71.21,33.51,82.38,76.8
2025,10,SANTA TERESA,13,6,23872,54.46,25.13,79.59,142.43,71.21,97.74,81.68
2025,11,SANTA TERESA,10,6,23872,41.89,25.13,54.46,79.59,142.43,92.16,76.8
2025,12,SANTA TERESA,10,5,23872,41.89,20.95,41.89,54.46,79.59,58.65,70.52
2023,1,SAO DOMINGOS DO NORTE,7,6,8589,81.5,69.86,,,,,
2023,2,SAO DOMINGOS DO NORTE,4,3,8589,46.57,34.93,81.5,,,,
2023,3,SAO DOMINGOS DO NORTE,8,4,8589,93.14,46.57,46.57,81.5,,,
2023,4,SAO DOMINGOS DO NORTE,3,1,8589,34.93,11.64,93.14,46.57,81.5,73.74,
2023,5,SAO DOMINGOS DO NORTE,2,1,8589,23.29,11.64,34.93,93.14,46.57,58.21,
2023,6,SAO DOMINGOS DO NORTE,4,2,8589,46.57,23.29,23.29,34.93,93.14,50.45,
2023,7,SAO DOMINGOS DO NORTE,5,3,8589,58.21,34.93,46.57,23.29,34.93,34.93,54.33
2023,8,SAO DOMINGOS DO NORTE,4,3,8589,46.57,34.93,58.21,46.57,23.29,42.69,50.45
2023,9,SAO DOMINGOS DO NORTE,2,0,8589,23.29,0.0,46.57,58.21,46.57,50.45,50.45
2023,10,SAO DOMINGOS DO NORTE,5,3,8589,58.21,34.93,23.29,46.57,58.21,42.69,38.81
2023,11,SAO DOMINGOS DO NORTE,6,1,8589,69.86,11.64,58.21,23.29,46.57,42.69,42.69
2023,12,SAO DOMINGOS DO NORTE,5,4,8589,58.21,46.57,69.86,58.21,23.29,50.45,50.45
2024,1,SAO DOMINGOS DO NORTE,7,5,9008,77.71,55.51,58.21,69.86,58.21,62.09,52.39
2024,2,SAO DOMINGOS DO NORTE,8,6,9008,88.81,66.61,77.71,58.21,69.86,68.59,55.64
2024,3,SAO DOMINGOS DO NORTE,4,3,9008,44.4,33.3,88.81,77.71,58.21,74.91,62.68
2024,4,SAO DOMINGOS DO NORTE,2,0,9008,22.2,0.0,44.4,88.81,77.71,70.31,66.2
2024,5,SAO DOMINGOS DO NORTE,3,1,9008,33.3,11.1,22.2,44.4,88.81,51.8,60.2
2024,6,SAO DOMINGOS DO NORTE,5,2,9008,55.51,22.2,33.3,22.2,44.4,33.3,54.1
2024,7,SAO DOMINGOS DO NORTE,10,5,9008,111.01,55.51,55.51,33.3,22.2,37.0,53.65
2024,8,SAO DOMINGOS DO NORTE,6,4,9008,66.61,44.4,111.01,55.51,33.3,66.61,59.21
2024,9,SAO DOMINGOS DO NORTE,5,3,9008,55.51,33.3,66.61,111.01,55.51,77.71,55.5
2024,10,SAO DOMINGOS DO NORTE,9,4,9008,99.91,44.4,55.51,66.61,111.01,77.71,57.36
2024,11,SAO DOMINGOS DO NORTE,5,3,9008,55.51,33.3,99.91,55.51,66.61,74.01,70.31
2024,12,SAO DOMINGOS DO NORTE,2,1,9008,22.2,11.1,55.51,99.91,55.51,70.31,74.01
2025,1,SAO DOMINGOS DO NORTE,4,2,9051,44.19,22.1,22.2,55.51,99.91,59.21,68.46
2025,2,SAO DOMINGOS DO NORTE,4,3,9051,44.19,33.15,44.19,22.2,55.51,40.63,57.32
2025,3,SAO DOMINGOS DO NORTE,9,5,9051,99.44,55.24,44.19,44.19,22.2,36.86,53.58
2025,4,SAO DOMINGOS DO NORTE,6,3,9051,66.29,33.15,99.44,44.19,44.19,62.61,60.91
2025,5,SAO DOMINGOS DO NORTE,6,2,9051,66.29,22.1,66.29,99.44,44.19,69.97,55.3
2025,6,SAO DOMINGOS DO NORTE,9,4,9051,99.44,44.19,66.29,66.29,99.44,77.34,57.1
2025,7,SAO DOMINGOS DO NORTE,10,3,9051,110.49,33.15,99.44,66.29,66.29,77.34,69.97
2025,8,SAO DOMINGOS DO NORTE,3,0,9051,33.15,0.0,110.49,99.44,66.29,92.07,81.02
2025,9,SAO DOMINGOS DO NORTE,9,4,9051,99.44,44.19,33.15,110.49,99.44,81.03,79.18
2025,10,SAO DOMINGOS DO NORTE,6,5,9051,66.29,55.24,99.44,33.15,110.49,81.03,79.18
2025,11,SAO DOMINGOS DO NORTE,12,2,9051,132.58,22.1,66.29,99.44,33.15,66.29,79.18
2025,12,SAO DOMINGOS DO NORTE,11,6,9051,121.53,66.29,132.58,66.29,99.44,99.44,90.23
2023,1,SAO GABRIEL DA PALHA,33,8,32252,102.32,24.8,,,,,
2023,2,SAO GABRIEL DA PALHA,25,6,32252,77.51,18.6,102.32,,,,
2023,3,SAO GABRIEL DA PALHA,21,6,32252,65.11,18.6,77.51,102.32,,,
2023,4,SAO GABRIEL DA PALHA,21,7,32252,65.11,21.7,65.11,77.51,102.32,81.65,
2023,5,SAO GABRIEL DA PALHA,15,5,32252,46.51,15.5,65.11,65.11,77.51,69.24,
2023,6,SAO GABRIEL DA PALHA,25,16,32252,77.51,49.61,46.51,65.11,65.11,58.91,
2023,7,SAO GABRIEL DA PALHA,26,13,32252,80.62,40.31,77.51,46.51,65.11,63.04,72.34
2023,8,SAO GABRIEL DA PALHA,27,16,32252,83.72,49.61,80.62,77.51,46.51,68.21,68.73
2023,9,SAO GABRIEL DA PALHA,29,20,32252,89.92,62.01,83.72,80.62,77.51,80.62,69.76
2023,10,SAO GABRIEL DA PALHA,14,7,32252,43.41,21.7,89.92,83.72,80.62,84.75,73.9
2023,11,SAO GABRIEL DA PALHA,21,12,32252,65.11,37.21,43.41,89.92,83.72,72.35,70.28
2023,12,SAO GABRIEL DA PALHA,11,5,32252,34.11,15.5,65.11,43.41,89.92,66.15,73.38
2024,1,SAO GABRIEL DA PALHA,31,17,34210,90.62,49.69,34.11,65.11,43.41,47.54,66.15
2024,2,SAO GABRIEL DA PALHA,21,13,34210,61.39,38.0,90.62,34.11,65.11,63.28,67.82
2024,3,SAO GABRIEL DA PALHA,24,11,34210,70.15,32.15,61.39,90.62,34.11,62.04,64.09
2024,4,SAO GABRIEL DA PALHA,21,14,34210,61.39,40.92,70.15,61.39,90.62,74.05,60.8
2024,5,SAO GABRIEL DA PALHA,25,16,34210,73.08,46.77,61.39,70.15,61.39,64.31,63.79
2024,6,SAO GABRIEL DA PALHA,26,12,34210,76.0,35.08,73.08,61.39,70.15,68.21,65.12
2024,7,SAO GABRIEL DA PALHA,39,18,34210,114.0,52.62,76.0,73.08,61.39,70.16,72.1
2024,8,SAO GABRIEL DA PALHA,43,11,34210,125.69,32.15,114.0,76.0,73.08,87.69,76.0
2024,9,SAO GABRIEL DA PALHA,27,10,34210,78.92,29.23,125.69,114.0,76.0,105.23,86.72
2024,10,SAO GABRIEL DA PALHA,32,12,34210,93.54,35.08,78.92,125.69,114.0,106.2,88.18
2024,11,SAO GABRIEL DA PALHA,35,22,34210,102.31,64.31,93.54,78.92,125.69,99.38,93.54
2024,12,SAO GABRIEL DA PALHA,29,13,34210,84.77,38.0,102.31,93.54,78.92,91.59,98.41
2025,1,SAO GABRIEL DA PALHA,40,29,34272,116.71,84.62,84.77,102.31,93.54,93.54,99.87
2025,2,SAO GABRIEL DA PALHA,44,33,34272,128.38,96.29,116.71,84.77,102.31,101.26,100.32
2025,3,SAO GABRIEL DA PALHA,41,29,34272,119.63,84.62,128.38,116.71,84.77,109.95,100.77
2025,4,SAO GABRIEL DA PALHA,53,32,34272,154.65,93.37,119.63,128.38,116.71,121.57,107.56
2025,5,SAO GABRIEL DA PALHA,50,34,34272,145.89,99.21,154.65,119.63,128.38,134.22,117.74
2025,6,SAO GABRIEL DA PALHA,43,28,34272,125.47,81.7,145.89,154.65,119.63,140.06,125.0
2025,7,SAO GABRIEL DA PALHA,36,20,34272,105.04,58.36,125.47,145.89,154.65,142.0,131.79
2025,8,SAO GABRIEL DA PALHA,32,16,34272,93.37,46.69,105.04,125.47,145.89,125.47,129.84
2025,9,SAO GABRIEL DA PALHA,36,20,34272,105.04,58.36,93.37,105.04,125.47,107.96,124.01
2025,10,SAO GABRIEL DA PALHA,42,16,34272,122.55,46.69,105.04,93.37,105.04,101.15,121.58
2025,11,SAO GABRIEL DA PALHA,37,16,34272,107.96,46.69,122.55,105.04,93.37,106.99,116.23
2025,12,SAO GABRIEL DA PALHA,23,6,34272,67.11,17.51,107.96,122.55,105.04,111.85,109.91
2023,1,SAO JOSE DO CALCADO,1,1,10878,9.19,9.19,,,,,
2023,2,SAO JOSE DO CALCADO,0,0,10878,0.0,0.0,9.19,,,,
2023,3,SAO JOSE DO CALCADO,0,0,10878,0.0,0.0,0.0,9.19,,,
2023,4,SAO JOSE DO CALCADO,2,1,10878,18.39,9.19,0.0,0.0,9.19,3.06,
2023,5,SAO JOSE DO CALCADO,3,1,10878,27.58,9.19,18.39,0.0,0.0,6.13,
2023,6,SAO JOSE DO CALCADO,1,1,10878,9.19,9.19,27.58,18.39,0.0,15.32,
2023,7,SAO JOSE DO CALCADO,2,1,10878,18.39,9.19,9.19,27.58,18.39,18.39,10.72
2023,8,SAO JOSE DO CALCADO,4,2,10878,36.77,18.39,18.39,9.19,27.58,18.39,12.26
2023,9,SAO JOSE DO CALCADO,3,2,10878,27.58,18.39,36.77,18.39,9.19,21.45,18.39
2023,10,SAO JOSE DO CALCADO,2,2,10878,18.39,18.39,27.58,36.77,18.39,27.58,22.98
2023,11,SAO JOSE DO CALCADO,5,3,10878,45.96,27.58,18.39,27.58,36.77,27.58,22.98
2023,12,SAO JOSE DO CALCADO,2,0,10878,18.39,0.0,45.96,18.39,27.58,30.64,26.05
2024,1,SAO JOSE DO CALCADO,2,0,11373,17.59,0.0,18.39,45.96,18.39,27.58,27.58
2024,2,SAO JOSE DO CALCADO,5,3,11373,43.96,26.38,17.59,18.39,45.96,27.31,27.45
2024,3,SAO JOSE DO CALCADO,1,1,11373,8.79,8.79,43.96,17.59,18.39,26.65,28.64
2024,4,SAO JOSE DO CALCADO,7,5,11373,61.55,43.96,8.79,43.96,17.59,23.45,25.51
2024,5,SAO JOSE DO CALCADO,3,1,11373,26.38,8.79,61.55,8.79,43.96,38.1,32.71
2024,6,SAO JOSE DO CALCADO,3,0,11373,26.38,0.0,26.38,61.55,8.79,32.24,29.44
2024,7,SAO JOSE DO CALCADO,3,0,11373,26.38,0.0,26.38,26.38,61.55,38.1,30.77
2024,8,SAO JOSE DO CALCADO,3,2,11373,26.38,17.59,26.38,26.38,26.38,26.38,32.24
2024,9,SAO JOSE DO CALCADO,10,4,11373,87.93,35.17,26.38,26.38,26.38,26.38,29.31
2024,10,SAO JOSE DO CALCADO,7,4,11373,61.55,35.17,87.93,26.38,26.38,46.9,42.5
2024,11,SAO JOSE DO CALCADO,2,0,11373,17.59,0.0,61.55,87.93,26.38,58.62,42.5
2024,12,SAO JOSE DO CALCADO,4,4,11373,35.17,35.17,17.59,61.55,87.93,55.69,41.04
2025,1,SAO JOSE DO CALCADO,6,4,11411,52.58,35.05,35.17,17.59,61.55,38.1,42.5
2025,2,SAO JOSE DO CALCADO,5,1,11411,43.82,8.76,52.58,35.17,17.59,35.11,46.87
2025,3,SAO JOSE DO CALCADO,5,3,11411,43.82,26.29,43.82,52.58,35.17,43.86,49.77
2025,4,SAO JOSE DO CALCADO,8,5,11411,70.11,43.82,43.82,43.82,52.58,46.74,42.42
2025,5,SAO JOSE DO CALCADO,4,1,11411,35.05,8.76,70.11,43.82,43.82,52.58,43.85
2025,6,SAO JOSE DO CALCADO,4,2,11411,35.05,17.53,35.05,70.11,43.82,49.66,46.76
2025,7,SAO JOSE DO CALCADO,3,1,11411,26.29,8.76,35.05,35.05,70.11,46.74,46.74
2025,8,SAO JOSE DO CALCADO,3,2,11411,26.29,17.53,26.29,35.05,35.05,32.13,42.36
2025,9,SAO JOSE DO CALCADO,9,4,11411,78.87,35.05,26.29,26.29,35.05,29.21,39.43
2025,10,SAO JOSE DO CALCADO,8,4,11411,70.11,35.05,78.87,26.29,26.29,43.82,45.28
2025,11,SAO JOSE DO CALCADO,3,0,11411,26.29,0.0,70.11,78.87,26.29,58.42,45.28
2025,12,SAO JOSE DO CALCADO,7,3,11411,61.34,26.29,26.29,70.11,78.87,58.42,43.82
2023,1,SAO MATEUS,144,71,123752,116.36,57.37,,,,,
2023,2,SAO MATEUS,70,32,123752,56.56,25.86,116.36,,,,
2023,3,SAO MATEUS,107,57,123752,86.46,46.06,56.56,116.36,,,
2023,4,SAO MATEUS,92,48,123752,74.34,38.79,86.46,56.56,116.36,86.46,
2023,5,SAO MATEUS,120,51,123752,96.97,41.21,74.34,86.46,56.56,72.45,
2023,6,SAO MATEUS,128,51,123752,103.43,41.21,96.97,74.34,86.46,85.92,
2023,7,SAO MATEUS,107,56,123752,86.46,45.25,103.43,96.97,74.34,91.58,89.02
2023,8,SAO MATEUS,111,43,123752,89.7,34.75,86.46,103.43,96.97,95.62,84.04
2023,9,SAO MATEUS,120,58,123752,96.97,46.87,89.7,86.46,103.43,93.2,89.56
2023,10,SAO MATEUS,136,62,123752,109.9,50.1,96.97,89.7,86.46,91.04,91.31
2023,11,SAO MATEUS,110,61,123752,88.89,49.29,109.9,96.97,89.7,98.86,97.24
2023,12,SAO MATEUS,90,42,123752,72.73,33.94,88.89,109.9,96.97,98.59,95.89
2024,1,SAO MATEUS,131,65,133359,98.23,48.74,72.73,88.89,109.9,90.51,90.78
2024,2,SAO MATEUS,125,73,133359,93.73,54.74,98.23,72.73,88.89,86.62,92.74
2024,3,SAO MATEUS,128,74,133359,95.98,55.49,93.73,98.23,72.73,88.23,93.41
2024,4,SAO MATEUS,98,66,133359,73.49,49.49,95.98,93.73,98.23,95.98,93.24
2024,5,SAO MATEUS,54,13,133359,40.49,9.75,73.49,95.98,93.73,87.73,87.18
2024,6,SAO MATEUS,54,5,133359,40.49,3.75,40.49,73.49,95.98,69.99,79.11
2024,7,SAO MATEUS,104,31,133359,77.98,23.25,40.49,40.49,73.49,51.49,73.74
2024,8,SAO MATEUS,132,72,133359,98.98,53.99,77.98,40.49,40.49,52.99,70.36
2024,9,SAO MATEUS,90,38,133359,67.49,28.49,98.98,77.98,40.49,72.48,71.24
2024,10,SAO MATEUS,93,52,133359,69.74,38.99,67.49,98.98,77.98,81.48,66.49
2024,11,SAO MATEUS,95,63,133359,71.24,47.24,69.74,67.49,98.98,78.74,65.86
2024,12,SAO MATEUS,81,56,133359,60.74,41.99,71.24,69.74,67.49,69.49,70.99
2025,1,SAO MATEUS,85,62,134423,63.23,46.12,60.74,71.24,69.74,67.24,74.36
2025,2,SAO MATEUS,65,49,134423,48.35,36.45,63.23,60.74,71.24,65.07,71.9
2025,3,SAO MATEUS,81,59,134423,60.26,43.89,48.35,63.23,60.74,57.44,63.46
2025,4,SAO MATEUS,69,53,134423,51.33,39.43,60.26,48.35,63.23,57.28,62.26
2025,5,SAO MATEUS,63,42,134423,46.87,31.24,51.33,60.26,48.35,53.31,59.19
2025,6,SAO MATEUS,90,52,134423,66.95,38.68,46.87,51.33,60.26,52.82,55.13
2025,7,SAO MATEUS,92,58,134423,68.44,43.15,66.95,46.87,51.33,55.05,56.16
2025,8,SAO MATEUS,108,64,134423,80.34,47.61,68.44,66.95,46.87,60.75,57.03
2025,9,SAO MATEUS,133,79,134423,98.94,58.77,80.34,68.44,66.95,71.91,62.36
2025,10,SAO MATEUS,100,50,134423,74.39,37.2,98.94,80.34,68.44,82.57,68.81
2025,11,SAO MATEUS,68,35,134423,50.59,26.04,74.39,98.94,80.34,84.56,72.65
2025,12,SAO MATEUS,41,11,134423,30.5,8.18,50.59,74.39,98.94,74.64,73.28
2023,1,SAO ROQUE DO CANAA,4,2,10886,36.74,18.37,,,,,
2023,2,SAO ROQUE DO CANAA,4,2,10886,36.74,18.37,36.74,,,,
2023,3,SAO ROQUE DO CANAA,0,0,10886,0.0,0.0,36.74,36.74,,,
2023,4,SAO ROQUE DO CANAA,1,0,10886,9.19,0.0,0.0,36.74,36.74,24.49,
2023,5,SAO ROQUE DO CANAA,3,1,10886,27.56,9.19,9.19,0.0,36.74,15.31,
2023,6,SAO ROQUE DO CANAA,1,1,10886,9.19,9.19,27.56,9.19,0.0,12.25,
2023,7,SAO ROQUE DO CANAA,1,1,10886,9.19,9.19,9.19,27.56,9.19,15.31,19.9
2023,8,SAO ROQUE DO CANAA,4,1,10886,36.74,9.19,9.19,9.19,27.56,15.31,15.31
2023,9,SAO ROQUE DO CANAA,0,0,10886,0.0,0.0,36.74,9.19,9.19,18.37,15.31
2023,10,SAO ROQUE DO CANAA,2,0,10886,18.37,0.0,0.0,36.74,9.19,15.31,15.31
2023,11,SAO ROQUE DO CANAA,1,1,10886,9.19,9.19,18.37,0.0,36.74,18.37,16.84
2023,12,SAO ROQUE DO CANAA,2,2,10886,18.37,18.37,9.19,18.37,0.0,9.19,13.78
2024,1,SAO ROQUE DO CANAA,5,1,11271,44.36,8.87,18.37,9.19,18.37,15.31,15.31
2024,2,SAO ROQUE DO CANAA,5,1,11271,44.36,8.87,44.36,18.37,9.19,23.97,21.17
2024,3,SAO ROQUE DO CANAA,6,2,11271,53.23,17.74,44.36,44.36,18.37,35.7,22.44
2024,4,SAO ROQUE DO CANAA,8,5,11271,70.98,44.36,53.23,44.36,44.36,47.32,31.31
2024,5,SAO ROQUE DO CANAA,5,4,11271,44.36,35.49,70.98,53.23,44.36,56.19,40.08
2024,6,SAO ROQUE DO CANAA,7,4,11271,62.11,35.49,44.36,70.98,53.23,56.19,45.94
2024,7,SAO ROQUE DO CANAA,5,3,11271,44.36,26.62,62.11,44.36,70.98,59.15,53.23
2024,8,SAO ROQUE DO CANAA,5,2,11271,44.36,17.74,44.36,62.11,44.36,50.28,53.23
2024,9,SAO ROQUE DO CANAA,1,0,11271,8.87,0.0,44.36,44.36,62.11,50.28,53.23
2024,10,SAO ROQUE DO CANAA,6,4,11271,53.23,35.49,8.87,44.36,44.36,32.53,45.84
2024,11,SAO ROQUE DO CANAA,4,2,11271,35.49,17.74,53.23,8.87,44.36,35.49,42.88
2024,12,SAO ROQUE DO CANAA,2,0,11271,17.74,0.0,35.49,53.23,8.87,32.53,41.4
2025,1,SAO ROQUE DO CANAA,3,0,11256,26.65,0.0,17.74,35.49,53.23,35.49,34.01
2025,2,SAO ROQUE DO CANAA,5,2,11256,44.42,17.77,26.65,17.74,35.49,26.63,31.06
2025,3,SAO ROQUE DO CANAA,6,3,11256,53.3,26.65,44.42,26.65,17.74,29.6,31.07
2025,4,SAO ROQUE DO CANAA,5,1,11256,44.42,8.88,53.3,44.42,26.65,41.46,38.47
2025,5,SAO ROQUE DO CANAA,4,2,11256,35.54,17.77,44.42,53.3,44.42,47.38,37.0
2025,6,SAO ROQUE DO CANAA,1,1,11256,8.88,8.88,35.54,44.42,53.3,44.42,37.01
2025,7,SAO ROQUE DO CANAA,2,0,11256,17.77,0.0,8.88,35.54,44.42,29.61,35.53
2025,8,SAO ROQUE DO CANAA,4,3,11256,35.54,26.65,17.77,8.88,35.54,20.73,34.06
2025,9,SAO ROQUE DO CANAA,10,6,11256,88.84,53.3,35.54,17.77,8.88,20.73,32.57
2025,10,SAO ROQUE DO CANAA,6,2,11256,53.3,17.77,88.84,35.54,17.77,47.38,38.5
2025,11,SAO ROQUE DO CANAA,7,4,11256,62.19,35.54,53.3,88.84,35.54,59.23,39.98
2025,12,SAO ROQUE DO CANAA,7,3,11256,62.19,26.65,62.19,53.3,88.84,68.11,44.42
2023,1,SERRA,607,206,520653,116.58,39.57,,,,,
2023,2,SERRA,519,173,520653,99.68,33.23,116.58,,,,
2023,3,SERRA,600,216,520653,115.24,41.49,99.68,116.58,,,
2023,4,SERRA,512,155,520653,98.34,29.77,115.24,99.68,116.58,110.5,
2023,5,SERRA,559,204,520653,107.37,39.18,98.34,115.24,99.68,104.42,
2023,6,SERRA,578,210,520653,111.01,40.33,107.37,98.34,115.24,106.98,
2023,7,SERRA,628,219,520653,120.62,42.06,111.01,107.37,98.34,105.57,108.04
2023,8,SERRA,630,210,520653,121.0,40.33,120.62,111.01,107.37,113.0,108.71
2023,9,SERRA,653,218,520653,125.42,41.87,121.0,120.62,111.01,117.54,112.26
2023,10,SERRA,715,247,520653,137.33,47.44,125.42,121.0,120.62,122.35,113.96
2023,11,SERRA,587,203,520653,112.74,38.99,137.33,125.42,121.0,127.92,120.46
2023,12,SERRA,518,183,520653,99.49,35.15,112.74,137.33,125.42,125.16,121.35
2024,1,SERRA,615,239,572274,107.47,41.76,99.49,112.74,137.33,116.52,119.43
2024,2,SERRA,592,222,572274,103.45,38.79,107.47,99.49,112.74,106.57,117.24
2024,3,SERRA,569,215,572274,99.43,37.57,103.45,107.47,99.49,103.47,114.32
2024,4,SERRA,575,235,572274,100.48,41.06,99.43,103.45,107.47,103.45,109.99
2024,5,SERRA,660,254,572274,115.33,44.38,100.48,99.43,103.45,101.12,103.84
2024,6,SERRA,634,233,572274,110.79,40.71,115.33,100.48,99.43,105.08,104.28
2024,7,SERRA,583,217,572274,101.87,37.92,110.79,115.33,100.48,108.87,106.16
2024,8,SERRA,679,255,572274,118.65,44.56,101.87,110.79,115.33,109.33,105.22
2024,9,SERRA,544,205,572274,95.06,35.82,118.65,101.87,110.79,110.44,107.76
2024,10,SERRA,567,233,572274,99.08,40.71,95.06,118.65,101.87,105.19,107.03
2024,11,SERRA,562,222,572274,98.2,38.79,99.08,95.06,118.65,104.26,106.8
2024,12,SERRA,490,193,572274,85.62,33.73,98.2,99.08,95.06,97.45,103.94
2025,1,SERRA,578,231,579720,99.7,39.85,85.62,98.2,99.08,94.3,99.75
2025,2,SERRA,543,219,579720,93.67,37.78,99.7,85.62,98.2,94.51,99.38
2025,3,SERRA,629,280,579720,108.5,48.3,93.67,99.7,85.62,93.0,95.22
2025,4,SERRA,631,280,579720,108.85,48.3,108.5,93.67,99.7,100.62,97.46
2025,5,SERRA,674,265,579720,116.26,45.71,108.85,108.5,93.67,103.67,99.09
2025,6,SERRA,659,268,579720,113.68,46.23,116.26,108.85,108.5,111.2,102.1
2025,7,SERRA,648,299,579720,111.78,51.58,113.68,116.26,108.85,112.93,106.78
2025,8,SERRA,627,293,579720,108.16,50.54,111.78,113.68,116.26,113.91,108.79
2025,9,SERRA,627,287,579720,108.16,49.51,108.16,111.78,113.68,111.21,111.2
2025,10,SERRA,610,290,579720,105.22,50.02,108.16,108.16,111.78,109.37,111.15
2025,11,SERRA,605,258,579720,104.36,44.5,105.22,108.16,108.16,107.18,110.54
2025,12,SERRA,492,200,579720,84.87,34.5,104.36,105.22,108.16,105.91,108.56
2023,1,SOORETAMA,10,3,26502,37.73,11.32,,,,,
2023,2,SOORETAMA,9,5,26502,33.96,18.87,37.73,,,,
2023,3,SOORETAMA,5,1,26502,18.87,3.77,33.96,37.73,,,
2023,4,SOORETAMA,5,4,26502,18.87,15.09,18.87,33.96,37.73,30.19,
2023,5,SOORETAMA,6,3,26502,22.64,11.32,18.87,18.87,33.96,23.9,
2023,6,SOORETAMA,9,4,26502,33.96,15.09,22.64,18.87,18.87,20.13,
2023,7,SOORETAMA,8,4,26502,30.19,15.09,33.96,22.64,18.87,25.16,27.67
2023,8,SOORETAMA,8,3,26502,30.19,11.32,30.19,33.96,22.64,28.93,26.42
2023,9,SOORETAMA,3,0,26502,11.32,0.0,30.19,30.19,33.96,31.45,25.79
2023,10,SOORETAMA,14,6,26502,52.83,22.64,11.32,30.19,30.19,23.9,24.53
2023,11,SOORETAMA,9,6,26502,33.96,22.64,52.83,11.32,30.19,31.45,30.19
2023,12,SOORETAMA,18,11,26502,67.92,41.51,33.96,52.83,11.32,32.7,32.08
2024,1,SOORETAMA,22,6,28453,77.32,21.09,67.92,33.96,52.83,51.57,37.74
2024,2,SOORETAMA,13,9,28453,45.69,31.63,77.32,67.92,33.96,59.73,45.59
2024,3,SOORETAMA,18,9,28453,63.26,31.63,45.69,77.32,67.92,63.64,48.17
2024,4,SOORETAMA,11,7,28453,38.66,24.6,63.26,45.69,77.32,62.09,56.83
2024,5,SOORETAMA,23,10,28453,80.84,35.15,38.66,63.26,45.69,49.2,54.47
2024,6,SOORETAMA,7,5,28453,24.6,17.57,80.84,38.66,63.26,60.92,62.28
2024,7,SOORETAMA,20,11,28453,70.29,38.66,24.6,80.84,38.66,48.03,55.06
2024,8,SOORETAMA,23,18,28453,80.84,63.26,70.29,24.6,80.84,58.58,53.89
2024,9,SOORETAMA,8,7,28453,28.12,24.6,80.84,70.29,24.6,58.58,59.75
2024,10,SOORETAMA,26,20,28453,91.38,70.29,28.12,80.84,70.29,59.75,53.89
2024,11,SOORETAMA,29,24,28453,101.92,84.35,91.38,28.12,80.84,66.78,62.68
2024,12,SOORETAMA,20,8,28453,70.29,28.12,101.92,91.38,28.12,73.81,66.19
2025,1,SOORETAMA,13,12,28668,45.35,41.86,70.29,101.92,91.38,87.86,73.81
2025,2,SOORETAMA,15,11,28668,52.32,38.37,45.35,70.29,101.92,72.52,69.65
2025,3,SOORETAMA,20,14,28668,69.76,48.83,52.32,45.35,70.29,55.99,64.9
2025,4,SOORETAMA,21,12,28668,73.25,41.86,69.76,52.32,45.35,55.81,71.84
2025,5,SOORETAMA,17,10,28668,59.3,34.88,73.25,69.76,52.32,65.11,68.82
2025,6,SOORETAMA,27,19,28668,94.18,66.28,59.3,73.25,69.76,67.44,61.71
2025,7,SOORETAMA,25,15,28668,87.21,52.32,94.18,59.3,73.25,75.58,65.69
2025,8,SOORETAMA,25,11,28668,87.21,38.37,87.21,94.18,59.3,80.23,72.67
2025,9,SOORETAMA,25,20,28668,87.21,69.76,87.21,87.21,94.18,89.53,78.48
2025,10,SOORETAMA,26,16,28668,90.69,55.81,87.21,87.21,87.21,87.21,81.39
2025,11,SOORETAMA,22,13,28668,76.74,45.35,90.69,87.21,87.21,88.37,84.3
2025,12,SOORETAMA,35,18,28668,122.09,62.79,76.74,90.69,87.21,84.88,87.21
2023,1,VARGEM ALTA,8,2,19563,40.89,10.22,,,,,
2023,2,VARGEM ALTA,8,4,19563,40.89,20.45,40.89,,,,
2023,3,VARGEM ALTA,10,4,19563,51.12,20.45,40.89,40.89,,,
2023,4,VARGEM ALTA,5,3,19563,25.56,15.34,51.12,40.89,40.89,44.3,
2023,5,VARGEM ALTA,14,4,19563,71.56,20.45,25.56,51.12,40.89,39.19,
2023,6,VARGEM ALTA,13,7,19563,66.45,35.78,71.56,25.56,51.12,49.41,
2023,7,VARGEM ALTA,13,9,19563,66.45,46.01,66.45,71.56,25.56,54.52,49.41
2023,8,VARGEM ALTA,12,6,19563,61.34,30.67,66.45,66.45,71.56,68.15,53.67
2023,9,VARGEM ALTA,13,10,19563,66.45,51.12,61.34,66.45,66.45,64.75,57.08
2023,10,VARGEM ALTA,8,7,19563,40.89,35.78,66.45,61.34,66.45,64.75,59.64
2023,11,VARGEM ALTA,15,5,19563,76.68,25.56,40.89,66.45,61.34,56.23,62.19
2023,12,VARGEM ALTA,11,7,19563,56.23,35.78,76.68,40.89,66.45,61.34,63.04
2024,1,VARGEM ALTA,10,4,20353,49.13,19.65,56.23,76.68,40.89,57.93,61.34
2024,2,VARGEM ALTA,17,10,20353,83.53,49.13,49.13,56.23,76.68,60.68,58.45
2024,3,VARGEM ALTA,11,7,20353,54.05,34.39,83.53,49.13,56.23,62.96,62.15
2024,4,VARGEM ALTA,8,5,20353,39.31,24.57,54.05,83.53,49.13,62.24,60.09
2024,5,VARGEM ALTA,16,8,20353,78.61,39.31,39.31,54.05,83.53,58.96,59.82
2024,6,VARGEM ALTA,21,14,20353,103.18,68.79,78.61,39.31,54.05,57.32,60.14
2024,7,VARGEM ALTA,12,5,20353,58.96,24.57,103.18,78.61,39.31,73.7,67.97
2024,8,VARGEM ALTA,17,12,20353,83.53,58.96,58.96,103.18,78.61,80.25,69.61
2024,9,VARGEM ALTA,12,8,20353,58.96,39.31,83.53,58.96,103.18,81.89,69.61
2024,10,VARGEM ALTA,8,1,20353,39.31,4.91,58.96,83.53,58.96,67.15,70.42
2024,11,VARGEM ALTA,13,4,20353,63.87,19.65,39.31,58.96,83.53,60.6,70.42
2024,12,VARGEM ALTA,16,5,20353,78.61,24.57,63.87,39.31,58.96,54.05,67.97
2025,1,VARGEM ALTA,9,2,20390,44.14,9.81,78.61,63.87,39.31,60.6,63.87
2025,2,VARGEM ALTA,18,7,20390,88.28,34.33,44.14,78.61,63.87,62.21,61.4
2025,3,VARGEM ALTA,8,1,20390,39.23,4.9,88.28,44.14,78.61,70.34,62.19
2025,4,VARGEM ALTA,13,3,20390,63.76,14.71,39.23,88.28,44.14,57.22,58.91
2025,5,VARGEM ALTA,13,3,20390,63.76,14.71,63.76,39.23,88.28,63.76,62.98
2025,6,VARGEM ALTA,16,0,20390,78.47,0.0,63.76,63.76,39.23,55.58,62.96
2025,7,VARGEM ALTA,10,3,20390,49.04,14.71,78.47,63.76,63.76,68.66,62.94
2025,8,VARGEM ALTA,12,3,20390,58.85,14.71,49.04,78.47,63.76,63.76,63.76
2025,9,VARGEM ALTA,18,7,20390,88.28,34.33,58.85,49.04,78.47,62.12,58.85
2025,10,VARGEM ALTA,11,3,20390,53.95,14.71,88.28,58.85,49.04,65.39,67.03
2025,11,VARGEM ALTA,15,5,20390,73.57,24.52,53.95,88.28,58.85,67.03,65.39
2025,12,VARGEM ALTA,13,2,20390,63.76,9.81,73.57,53.95,88.28,71.93,67.03
2023,1,VENDA NOVA DO IMIGRANTE,17,14,23831,71.34,58.75,,,,,
2023,2,VENDA NOVA DO IMIGRANTE,25,19,23831,104.91,79.73,71.34,,,,
2023,3,VENDA NOVA DO IMIGRANTE,23,12,23831,96.51,50.35,104.91,71.34,,,
2023,4,VENDA NOVA DO IMIGRANTE,24,7,23831,100.71,29.37,96.51,104.91,71.34,90.92,
2023,5,VENDA NOVA DO IMIGRANTE,27,13,23831,113.3,54.55,100.71,96.51,104.91,100.71,
2023,6,VENDA NOVA DO IMIGRANTE,20,11,23831,83.92,46.16,113.3,100.71,96.51,103.51,
2023,7,VENDA NOVA DO IMIGRANTE,25,11,23831,104.91,46.16,83.92,113.3,100.71,99.31,95.12
2023,8,VENDA NOVA DO IMIGRANTE,29,13,23831,121.69,54.55,104.91,83.92,113.3,100.71,100.71
2023,9,VENDA NOVA DO IMIGRANTE,28,11,23831,117.49,46.16,121.69,104.91,83.92,103.51,103.51
2023,10,VENDA NOVA DO IMIGRANTE,24,11,23831,100.71,46.16,117.49,121.69,104.91,114.7,107.0
2023,11,VENDA NOVA DO IMIGRANTE,22,8,23831,92.32,33.57,100.71,117.49,121.69,113.3,107.0
2023,12,VENDA NOVA DO IMIGRANTE,17,8,23831,71.34,33.57,92.32,100.71,117.49,103.51,103.51
2024,1,VENDA NOVA DO IMIGRANTE,30,16,25168,119.2,63.57,71.34,92.32,100.71,88.12,101.41
2024,2,VENDA NOVA DO IMIGRANTE,29,12,25168,115.23,47.68,119.2,71.34,92.32,94.29,103.79
2024,3,VENDA NOVA DO IMIGRANTE,23,7,25168,91.39,27.81,115.23,119.2,71.34,101.92,102.71
2024,4,VENDA NOVA DO IMIGRANTE,21,10,25168,83.44,39.73,91.39,115.23,119.2,108.61,98.36
2024,5,VENDA NOVA DO IMIGRANTE,19,10,25168,75.49,39.73,83.44,91.39,115.23,96.69,95.49
2024,6,VENDA NOVA DO IMIGRANTE,26,13,25168,103.31,51.65,75.49,83.44,91.39,83.44,92.68
2024,7,VENDA NOVA DO IMIGRANTE,22,11,25168,87.41,43.71,103.31,75.49,83.44,87.41,98.01
2024,8,VENDA NOVA DO IMIGRANTE,24,13,25168,95.36,51.65,87.41,103.31,75.49,88.74,92.71
2024,9,VENDA NOVA DO IMIGRANTE,21,10,25168,83.44,39.73,95.36,87.41,103.31,95.36,89.4
2024,10,VENDA NOVA DO IMIGRANTE,29,16,25168,115.23,63.57,83.44,95.36,87.41,88.74,88.08
2024,11,VENDA NOVA DO IMIGRANTE,25,13,25168,99.33,51.65,115.23,83.44,95.36,98.01,93.37
2024,12,VENDA NOVA DO IMIGRANTE,37,10,25168,147.01,39.73,99.33,115.23,83.44,99.33,97.35
2025,1,VENDA NOVA DO IMIGRANTE,38,17,25395,149.64,66.94,147.01,99.33,115.23,120.52,104.63
2025,2,VENDA NOVA DO IMIGRANTE,33,15,25395,129.95,59.07,149.64,147.01,99.33,131.99,115.0
2025,3,VENDA NOVA DO IMIGRANTE,25,10,25395,98.44,39.38,129.95,149.64,147.01,142.2,120.77
2025,4,VENDA NOVA DO IMIGRANTE,41,12,25395,161.45,47.25,98.44,129.95,149.64,126.01,123.27
2025,5,VENDA NOVA DO IMIGRANTE,23,8,25395,90.57,31.5,161.45,98.44,129.95,129.95,130.97
2025,6,VENDA NOVA DO IMIGRANTE,21,5,25395,82.69,19.69,90.57,161.45,98.44,116.82,129.51
2025,7,VENDA NOVA DO IMIGRANTE,23,7,25395,90.57,27.56,82.69,90.57,161.45,111.57,118.79
2025,8,VENDA NOVA DO IMIGRANTE,40,15,25395,157.51,59.07,90.57,82.69,90.57,87.94,108.94
2025,9,VENDA NOVA DO IMIGRANTE,37,12,25395,145.7,47.25,157.51,90.57,82.69,110.26,113.54
2025,10,VENDA NOVA DO IMIGRANTE,39,17,25395,153.57,66.94,145.7,157.51,90.57,131.26,121.42
2025,11,VENDA NOVA DO IMIGRANTE,33,16,25395,129.95,63.0,153.57,145.7,157.51,152.26,120.1
2025,12,VENDA NOVA DO IMIGRANTE,27,10,25395,106.32,39.38,129.95,153.57,145.7,143.07,126.66
2023,1,VIANA,57,22,73423,77.63,29.96,,,,,
2023,2,VIANA,48,22,73423,65.37,29.96,77.63,,,,
2023,3,VIANA,50,12,73423,68.1,16.34,65.37,77.63,,,
2023,4,VIANA,45,17,73423,61.29,23.15,68.1,65.37,77.63,70.37,
2023,5,VIANA,57,22,73423,77.63,29.96,61.29,68.1,65.37,64.92,
2023,6,VIANA,57,17,73423,77.63,23.15,77.63,61.29,68.1,69.01,
2023,7,VIANA,54,24,73423,73.55,32.69,77.63,77.63,61.29,72.18,71.27
2023,8,VIANA,77,31,73423,104.87,42.22,73.55,77.63,77.63,76.27,70.6
2023,9,VIANA,72,19,73423,98.06,25.88,104.87,73.55,77.63,85.35,77.18
2023,10,VIANA,75,26,73423,102.15,35.41,98.06,104.87,73.55,92.16,82.17
2023,11,VIANA,56,19,73423,76.27,25.88,102.15,98.06,104.87,101.69,88.98
2023,12,VIANA,45,17,73423,61.29,23.15,76.27,102.15,98.06,92.16,88.76
2024,1,VIANA,75,23,78442,95.61,29.32,61.29,76.27,102.15,79.9,86.03
2024,2,VIANA,65,21,78442,82.86,26.77,95.61,61.29,76.27,77.72,89.71
2024,3,VIANA,60,20,78442,76.49,25.5,82.86,95.61,61.29,79.92,86.04
2024,4,VIANA,68,28,78442,86.69,35.7,76.49,82.86,95.61,84.99,82.44
2024,5,VIANA,70,22,78442,89.24,28.05,86.69,76.49,82.86,82.01,79.87
2024,6,VIANA,58,25,78442,73.94,31.87,89.24,86.69,76.49,84.14,82.03
2024,7,VIANA,69,28,78442,87.96,35.7,73.94,89.24,86.69,83.29,84.14
2024,8,VIANA,69,25,78442,87.96,31.87,87.96,73.94,89.24,83.71,82.86
2024,9,VIANA,87,25,78442,110.91,31.87,87.96,87.96,73.94,83.29,83.71
2024,10,VIANA,68,25,78442,86.69,31.87,110.91,87.96,87.96,95.61,89.45
2024,11,VIANA,66,27,78442,84.14,34.42,86.69,110.91,87.96,95.19,89.45
2024,12,VIANA,50,18,78442,63.74,22.95,84.14,86.69,110.91,93.91,88.6
2025,1,VIANA,62,27,79043,78.44,34.16,63.74,84.14,86.69,78.19,86.9
2025,2,VIANA,64,18,79043,80.97,22.77,78.44,63.74,84.14,75.44,85.31
2025,3,VIANA,61,18,79043,77.17,22.77,80.97,78.44,63.74,74.38,84.15
2025,4,VIANA,61,21,79043,77.17,26.57,77.17,80.97,78.44,78.86,78.53
2025,5,VIANA,75,33,79043,94.89,41.75,77.17,77.17,80.97,78.44,76.94
2025,6,VIANA,67,31,79043,84.76,39.22,94.89,77.17,77.17,83.08,78.73
2025,7,VIANA,71,33,79043,89.82,41.75,84.76,94.89,77.17,85.61,82.23
2025,8,VIANA,81,31,79043,102.48,39.22,89.82,84.76,94.89,89.82,84.13
2025,9,VIANA,70,24,79043,88.56,30.36,102.48,89.82,84.76,92.35,87.71
2025,10,VIANA,73,32,79043,92.35,40.48,88.56,102.48,89.82,93.62,89.61
2025,11,VIANA,51,15,79043,64.52,18.98,92.35,88.56,102.48,94.46,92.14
2025,12,VIANA,39,14,79043,49.34,17.71,64.52,92.35,88.56,81.81,87.08
2023,1,VILA PAVAO,2,1,8911,22.44,11.22,,,,,
2023,2,VILA PAVAO,3,1,8911,33.67,11.22,22.44,,,,
2023,3,VILA PAVAO,4,2,8911,44.89,22.44,33.67,22.44,,,
2023,4,VILA PAVAO,2,2,8911,22.44,22.44,44.89,33.67,22.44,33.67,
2023,5,VILA PAVAO,10,5,8911,112.22,56.11,22.44,44.89,33.67,33.67,
2023,6,VILA PAVAO,5,2,8911,56.11,22.44,112.22,22.44,44.89,59.85,
2023,7,VILA PAVAO,2,1,8911,22.44,11.22,56.11,112.22,22.44,63.59,48.63
2023,8,VILA PAVAO,3,1,8911,33.67,11.22,22.44,56.11,112.22,63.59,48.63
2023,9,VILA PAVAO,5,3,8911,56.11,33.67,33.67,22.44,56.11,37.41,48.63
2023,10,VILA PAVAO,6,4,8911,67.33,44.89,56.11,33.67,22.44,37.41,50.5
2023,11,VILA PAVAO,2,1,8911,22.44,11.22,67.33,56.11,33.67,52.37,57.98
2023,12,VILA PAVAO,1,0,8911,11.22,0.0,22.44,67.33,56.11,48.63,43.02
2024,1,VILA PAVAO,3,0,9298,32.27,0.0,11.22,22.44,67.33,33.66,35.53
2024,2,VILA PAVAO,2,1,9298,21.51,10.76,32.27,11.22,22.44,21.98,37.17
2024,3,VILA PAVAO,3,1,9298,32.27,10.76,21.51,32.27,11.22,21.67,35.15
2024,4,VILA PAVAO,1,1,9298,10.76,10.76,32.27,21.51,32.27,28.68,31.17
2024,5,VILA PAVAO,8,3,9298,86.04,32.27,10.76,32.27,21.51,21.51,21.74
2024,6,VILA PAVAO,7,2,9298,75.29,21.51,86.04,10.76,32.27,43.02,32.35
2024,7,VILA PAVAO,1,0,9298,10.76,0.0,75.29,86.04,10.76,57.36,43.02
2024,8,VILA PAVAO,10,4,9298,107.55,43.02,10.76,75.29,86.04,57.36,39.44
2024,9,VILA PAVAO,2,2,9298,21.51,21.51,107.55,10.76,75.29,64.53,53.78
2024,10,VILA PAVAO,6,3,9298,64.53,32.27,21.51,107.55,10.76,46.61,51.98
2024,11,VILA PAVAO,4,0,9298,43.02,0.0,64.53,21.51,107.55,64.53,60.95
2024,12,VILA PAVAO,4,2,9298,43.02,21.51,43.02,64.53,21.51,43.02,53.78
2025,1,VILA PAVAO,3,2,9319,32.19,21.46,43.02,43.02,64.53,50.19,48.4
2025,2,VILA PAVAO,5,1,9319,53.65,10.73,32.19,43.02,43.02,39.41,51.97
2025,3,VILA PAVAO,3,0,9319,32.19,0.0,53.65,32.19,43.02,42.95,42.99
2025,4,VILA PAVAO,4,1,9319,42.92,10.73,32.19,53.65,32.19,39.34,44.77
2025,5,VILA PAVAO,6,3,9319,64.38,32.19,42.92,32.19,53.65,42.92,41.16
2025,6,VILA PAVAO,4,0,9319,42.92,0.0,64.38,42.92,32.19,46.5,44.72
2025,7,VILA PAVAO,10,6,9319,107.31,64.38,42.92,64.38,42.92,50.07,44.71
2025,8,VILA PAVAO,6,2,9319,64.38,21.46,107.31,42.92,64.38,71.54,57.23
2025,9,VILA PAVAO,8,4,9319,85.85,42.92,64.38,107.31,42.92,71.54,59.02
2025,10,VILA PAVAO,8,4,9319,85.85,42.92,85.85,64.38,107.31,85.85,67.96
2025,11,VILA PAVAO,5,1,9319,53.65,10.73,85.85,85.85,64.38,78.69,75.11
2025,12,VILA PAVAO,4,1,9319,42.92,10.73,53.65,85.85,85.85,75.12,73.33
2023,1,VILA VALERIO,2,0,13728,14.57,0.0,,,,,
2023,2,VILA VALERIO,2,1,13728,14.57,7.28,14.57,,,,
2023,3,VILA VALERIO,5,4,13728,36.42,29.14,14.57,14.57,,,
2023,4,VILA VALERIO,1,1,13728,7.28,7.28,36.42,14.57,14.57,21.85,
2023,5,VILA VALERIO,2,1,13728,14.57,7.28,7.28,36.42,14.57,19.42,
2023,6,VILA VALERIO,6,3,13728,43.71,21.85,14.57,7.28,36.42,19.42,
2023,7,VILA VALERIO,9,6,13728,65.56,43.71,43.71,14.57,7.28,21.85,21.85
2023,8,VILA VALERIO,2,0,13728,14.57,0.0,65.56,43.71,14.57,41.28,30.35
2023,9,VILA VALERIO,5,4,13728,36.42,29.14,14.57,65.56,43.71,41.28,30.35
2023,10,VILA VALERIO,5,3,13728,36.42,21.85,36.42,14.57,65.56,38.85,30.35
2023,11,VILA VALERIO,3,2,13728,21.85,14.57,36.42,36.42,14.57,29.14,35.21
2023,12,VILA VALERIO,7,3,13728,50.99,21.85,21.85,36.42,36.42,31.56,36.42
2024,1,VILA VALERIO,10,4,14263,70.11,28.04,50.99,21.85,36.42,36.42,37.64
2024,2,VILA VALERIO,7,3,14263,49.08,21.03,70.11,50.99,21.85,47.65,38.39
2024,3,VILA VALERIO,5,2,14263,35.06,14.02,49.08,70.11,50.99,56.73,44.14
2024,4,VILA VALERIO,6,4,14263,42.07,28.04,35.06,49.08,70.11,51.42,43.92
2024,5,VILA VALERIO,8,6,14263,56.09,42.07,42.07,35.06,49.08,42.07,44.86
2024,6,VILA VALERIO,5,2,14263,35.06,14.02,56.09,42.07,35.06,44.41,50.57
2024,7,VILA VALERIO,6,3,14263,42.07,21.03,35.06,56.09,42.07,44.41,47.91
2024,8,VILA VALERIO,12,4,14263,84.13,28.04,42.07,35.06,56.09,44.41,43.24
2024,9,VILA VALERIO,6,4,14263,42.07,28.04,84.13,42.07,35.06,53.75,49.08
2024,10,VILA VALERIO,6,5,14263,42.07,35.06,42.07,84.13,42.07,56.09,50.25
2024,11,VILA VALERIO,8,8,14263,56.09,56.09,42.07,42.07,84.13,56.09,50.25
2024,12,VILA VALERIO,10,5,14263,70.11,35.06,56.09,42.07,42.07,46.74,50.25
2025,1,VILA VALERIO,7,4,14267,49.06,28.04,70.11,56.09,42.07,56.09,56.09
2025,2,VILA VALERIO,6,3,14267,42.06,21.03,49.06,70.11,56.09,58.42,57.26
2025,3,VILA VALERIO,10,7,14267,70.09,49.06,42.06,49.06,70.11,53.74,50.24
2025,4,VILA VALERIO,7,7,14267,49.06,49.06,70.09,42.06,49.06,53.74,54.91
2025,5,VILA VALERIO,12,7,14267,84.11,49.06,49.06,70.09,42.06,53.74,56.08
2025,6,VILA VALERIO,13,8,14267,91.12,56.07,84.11,49.06,70.09,67.75,60.75
2025,7,VILA VALERIO,16,12,14267,112.15,84.11,91.12,84.11,49.06,74.76,64.25
2025,8,VILA VALERIO,11,7,14267,77.1,49.06,112.15,91.12,84.11,95.79,74.76
2025,9,VILA VALERIO,13,8,14267,91.12,56.07,77.1,112.15,91.12,93.46,80.6
2025,10,VILA VALERIO,6,4,14267,42.06,28.04,91.12,77.1,112.15,93.46,84.11
2025,11,VILA VALERIO,4,2,14267,28.04,14.02,42.06,91.12,77.1,70.09,82.94
2025,12,VILA VALERIO,5,2,14267,35.05,14.02,28.04,42.06,91.12,53.74,73.6
2023,1,VILA VELHA,626,248,467722,133.84,53.02,,,,,
2023,2,VILA VELHA,597,227,467722,127.64,48.53,133.84,,,,
2023,3,VILA VELHA,657,230,467722,140.47,49.17,127.64,133.84,,,
2023,4,VILA VELHA,575,211,467722,122.94,45.11,140.47,127.64,133.84,133.98,
2023,5,VILA VELHA,590,231,467722,126.14,49.39,122.94,140.47,127.64,130.35,
2023,6,VILA VELHA,618,248,467722,132.13,53.02,126.14,122.94,140.47,129.85,
2023,7,VILA VELHA,576,212,467722,123.15,45.33,132.13,126.14,122.94,127.07,130.53
2023,8,VILA VELHA,676,271,467722,144.53,57.94,123.15,132.13,126.14,127.14,128.74
2023,9,VILA VELHA,652,235,467722,139.4,50.24,144.53,123.15,132.13,133.27,131.56
2023,10,VILA VELHA,717,278,467722,153.3,59.44,139.4,144.53,123.15,135.69,131.38
2023,11,VILA VELHA,626,242,467722,133.84,51.74,153.3,139.4,144.53,145.74,136.44
2023,12,VILA VELHA,571,226,467722,122.08,48.32,133.84,153.3,139.4,142.18,137.72
2024,1,VILA VELHA,703,260,502899,139.79,51.7,122.08,133.84,153.3,136.41,136.05
2024,2,VILA VELHA,687,296,502899,136.61,58.86,139.79,122.08,133.84,131.9,138.82
2024,3,VILA VELHA,651,268,502899,129.45,53.29,136.61,139.79,122.08,132.83,137.5
2024,4,VILA VELHA,657,298,502899,130.64,59.26,129.45,136.61,139.79,135.28,135.84
2024,5,VILA VELHA,702,268,502899,139.59,53.29,130.64,129.45,136.61,132.23,132.07
2024,6,VILA VELHA,667,272,502899,132.63,54.09,139.59,130.64,129.45,133.23,133.03
2024,7,VILA VELHA,779,321,502899,154.9,63.83,132.63,139.59,130.64,134.29,134.78
2024,8,VILA VELHA,878,318,502899,174.59,63.23,154.9,132.63,139.59,142.37,137.3
2024,9,VILA VELHA,694,247,502899,138.0,49.12,174.59,154.9,132.63,154.04,143.63
2024,10,VILA VELHA,691,272,502899,137.4,54.09,138.0,174.59,154.9,155.83,145.06
2024,11,VILA VELHA,732,309,502899,145.56,61.44,137.4,138.0,174.59,150.0,146.19
2024,12,VILA VELHA,656,280,502899,130.44,55.68,145.56,137.4,138.0,140.32,147.18
2025,1,VILA VELHA,732,293,506779,144.44,57.82,130.44,145.56,137.4,137.8,146.82
2025,2,VILA VELHA,741,295,506779,146.22,58.21,144.44,130.44,145.56,140.15,145.07
2025,3,VILA VELHA,737,287,506779,145.43,56.63,146.22,144.44,130.44,140.37,140.34
2025,4,VILA VELHA,785,334,506779,154.9,65.91,145.43,146.22,144.44,145.36,141.58
2025,5,VILA VELHA,836,338,506779,164.96,66.7,154.9,145.43,146.22,148.85,144.5
2025,6,VILA VELHA,770,326,506779,151.94,64.33,164.96,154.9,145.43,155.1,147.73
2025,7,VILA VELHA,777,338,506779,153.32,66.7,151.94,164.96,154.9,157.27,151.32
2025,8,VILA VELHA,717,300,506779,141.48,59.2,153.32,151.94,164.96,156.74,152.79
2025,9,VILA VELHA,754,319,506779,148.78,62.95,141.48,153.32,151.94,148.91,152.0
2025,10,VILA VELHA,823,354,506779,162.4,69.85,148.78,141.48,153.32,147.86,152.56
2025,11,VILA VELHA,690,319,506779,136.15,62.95,162.4,148.78,141.48,150.89,153.81
2025,12,VILA VELHA,631,270,506779,124.51,53.28,136.15,162.4,148.78,149.11,149.01
2023,1,VITORIA,553,245,322869,171.28,75.88,,,,,
2023,2,VITORIA,416,179,322869,128.84,55.44,171.28,,,,
2023,3,VITORIA,507,198,322869,157.03,61.33,128.84,171.28,,,
2023,4,VITORIA,451,179,322869,139.69,55.44,157.03,128.84,171.28,152.38,
2023,5,VITORIA,506,185,322869,156.72,57.3,139.69,157.03,128.84,141.85,
2023,6,VITORIA,434,184,322869,134.42,56.99,156.72,139.69,157.03,151.15,
2023,7,VITORIA,495,220,322869,153.31,68.14,134.42,156.72,139.69,143.61,148.0
2023,8,VITORIA,451,190,322869,139.69,58.85,153.31,134.42,156.72,148.15,145.0
2023,9,VITORIA,510,213,322869,157.96,65.97,139.69,153.31,134.42,142.47,146.81
2023,10,VITORIA,655,278,322869,202.87,86.1,157.96,139.69,153.31,150.32,146.96
2023,11,VITORIA,633,257,322869,196.05,79.6,202.87,157.96,139.69,166.84,157.5
2023,12,VITORIA,474,214,322869,146.81,66.28,196.05,202.87,157.96,185.63,164.05
2024,1,VITORIA,608,236,342800,177.36,68.84,146.81,196.05,202.87,181.91,166.12
2024,2,VITORIA,544,223,342800,158.69,65.05,177.36,146.81,196.05,173.41,170.12
2024,3,VITORIA,509,211,342800,148.48,61.55,158.69,177.36,146.81,160.95,173.29
2024,4,VITORIA,526,210,342800,153.44,61.26,148.48,158.69,177.36,161.51,171.71
2024,5,VITORIA,527,233,342800,153.73,67.97,153.44,148.48,158.69,153.54,163.47
2024,6,VITORIA,480,214,342800,140.02,62.43,153.73,153.44,148.48,151.88,156.42
2024,7,VITORIA,532,251,342800,155.19,73.22,140.02,153.73,153.44,149.06,155.29
2024,8,VITORIA,649,248,342800,189.32,72.35,155.19,140.02,153.73,149.65,151.59
2024,9,VITORIA,521,196,342800,151.98,57.18,189.32,155.19,140.02,161.51,156.7
2024,10,VITORIA,583,235,342800,170.07,68.55,151.98,189.32,155.19,165.5,157.28
2024,11,VITORIA,560,226,342800,163.36,65.93,170.07,151.98,189.32,170.46,160.05
2024,12,VITORIA,469,192,342800,136.81,56.01,163.36,170.07,151.98,161.8,161.66
2025,1,VITORIA,540,239,343378,157.26,69.6,136.81,163.36,170.07,156.75,161.12
2025,2,VITORIA,547,251,343378,159.3,73.1,157.26,136.81,163.36,152.48,161.47
2025,3,VITORIA,604,287,343378,175.9,83.58,159.3,157.26,136.81,151.12,156.46
2025,4,VITORIA,664,286,343378,193.37,83.29,175.9,159.3,157.26,164.15,160.45
2025,5,VITORIA,670,291,343378,195.12,84.75,193.37,175.9,159.3,176.19,164.33
2025,6,VITORIA,620,285,343378,180.56,83.0,195.12,193.37,175.9,188.13,169.63
2025,7,VITORIA,559,246,343378,162.79,71.64,180.56,195.12,193.37,189.68,176.92
2025,8,VITORIA,568,255,343378,165.42,74.26,162.79,180.56,195.12,179.49,177.84
2025,9,VITORIA,691,327,343378,201.24,95.23,165.42,162.79,180.56,169.59,178.86
2025,10,VITORIA,723,342,343378,210.56,99.6,201.24,165.42,162.79,176.48,183.08
2025,11,VITORIA,510,250,343378,148.52,72.81,210.56,201.24,165.42,192.41,185.95
2025,12,VITORIA,460,229,343378,133.96,66.69,148.52,210.56,201.24,186.77,178.18
